INSERT INTO buildings (id, name, address) VALUES ('cf8f6f8b-9aac-4d8a-a4eb-d64d4fe18b3e', 'УЛК-05', 'ул. Перекопская, д. 15а');

INSERT INTO floors (id, name, alias, building_id) VALUES
    ('d33d56e3-aca8-4b62-b34a-9e3882276f75', 'First', '1 этаж', 'cf8f6f8b-9aac-4d8a-a4eb-d64d4fe18b3e'),
    ('4ccb7c2d-0bb2-49e0-828f-5b2c43787ee5', 'Second', '2 этаж', 'cf8f6f8b-9aac-4d8a-a4eb-d64d4fe18b3e'),
    ('acc38768-c209-4702-957d-778e59f875f3', 'Third', '3 этаж', 'cf8f6f8b-9aac-4d8a-a4eb-d64d4fe18b3e'),
    ('517650f2-3e3a-42d0-b6e9-6c8e7271b096', 'Fourth', '4 этаж', 'cf8f6f8b-9aac-4d8a-a4eb-d64d4fe18b3e');

INSERT INTO objects (id, name, alias, description, x, y, width, height, object_type_id, floor_id) 
        VALUES ('8a84fedb-4db3-42f7-9499-d101749e6122', '???', 'Floor_First_Office_IDK11', NULL, 86.9, 293.3, 117.7, 60.5, 1, 'd33d56e3-aca8-4b62-b34a-9e3882276f75');
INSERT INTO objects (id, name, alias, description, x, y, width, height, object_type_id, floor_id) 
        VALUES ('537b8113-6afe-43e7-8691-04b93f05459e', '???', 'Floor_First_Office_IDK2', NULL, 204.6, 273.6, 198.1, 80.2, 1, 'd33d56e3-aca8-4b62-b34a-9e3882276f75');
INSERT INTO objects (id, name, alias, description, x, y, width, height, object_type_id, floor_id) 
        VALUES ('b0b2f8b1-3949-4c39-8fee-46c358421328', '???', 'Floor_First_Office_IDK3', NULL, 204.6, 121.0, 150.0, 121.4, 1, 'd33d56e3-aca8-4b62-b34a-9e3882276f75');
INSERT INTO objects (id, name, alias, description, x, y, width, height, object_type_id, floor_id) 
        VALUES ('860e310d-e161-481a-b136-3a9944e4a8c7', '???', 'Floor_First_Office_IDK4', NULL, 354.6, 121.0, 48.1, 121.4, 1, 'd33d56e3-aca8-4b62-b34a-9e3882276f75');
INSERT INTO objects (id, name, alias, description, x, y, width, height, object_type_id, floor_id) 
        VALUES ('572f771f-3fe0-43e7-a1d6-fa4a6273f85a', '???', 'Floor_First_Office_IDK5', NULL, 402.7, 121.0, 52.1, 121.4, 1, 'd33d56e3-aca8-4b62-b34a-9e3882276f75');
INSERT INTO objects (id, name, alias, description, x, y, width, height, object_type_id, floor_id) 
        VALUES ('f416e993-b7a6-4dba-ab0f-ccd88d9a56da', '???', 'Floor_First_Office_IDK6', NULL, 454.8, 121.0, 199.5, 121.4, 1, 'd33d56e3-aca8-4b62-b34a-9e3882276f75');
INSERT INTO objects (id, name, alias, description, x, y, width, height, object_type_id, floor_id) 
        VALUES ('2ee8097b-9486-4f1b-a4d7-9c9c75dc94e7', '???', 'Floor_First_Office_IDK7', NULL, 654.2, 121.0, 310.6, 121.4, 1, 'd33d56e3-aca8-4b62-b34a-9e3882276f75');
INSERT INTO objects (id, name, alias, description, x, y, width, height, object_type_id, floor_id) 
        VALUES ('d1eb2048-f020-4dcc-8744-0d51d1907177', '116', 'Floor_First_Office_116', NULL, 964.8, 121.0, 265.2, 121.4, 1, 'd33d56e3-aca8-4b62-b34a-9e3882276f75');
INSERT INTO objects (id, name, alias, description, x, y, width, height, object_type_id, floor_id) 
        VALUES ('13e3a300-dd98-45ce-af1e-e59e0cae26f8', '???', 'Floor_First_Office_IDK9', NULL, 1230.0, 121.0, 62.9, 121.4, 1, 'd33d56e3-aca8-4b62-b34a-9e3882276f75');
INSERT INTO objects (id, name, alias, description, x, y, width, height, object_type_id, floor_id) 
        VALUES ('d5a05daa-11a5-4623-8c73-dfcc0f8a5eca', '117', 'Floor_First_Office_117', NULL, 1056.9, 242.4, 236.0, 111.6, 1, 'd33d56e3-aca8-4b62-b34a-9e3882276f75');
INSERT INTO objects (id, name, alias, description, x, y, width, height, object_type_id, floor_id) 
        VALUES ('1ed2ed7d-9643-4b7f-a982-f296c8cccffe', '115', 'Floor_First_Office_115', NULL, 763.0, 354.0, 82.4, 159.6, 1, 'd33d56e3-aca8-4b62-b34a-9e3882276f75');
INSERT INTO objects (id, name, alias, description, x, y, width, height, object_type_id, floor_id) 
        VALUES ('130bac10-d6cb-45e0-a969-d754ec5e2a07', 'Гардероб', 'Floor_First_Office_Wardrobe', NULL, 964.8, 354.0, 61.7, 538.7, 6, 'd33d56e3-aca8-4b62-b34a-9e3882276f75');
INSERT INTO objects (id, name, alias, description, x, y, width, height, object_type_id, floor_id) 
        VALUES ('c3c6cd9a-7219-43f6-80ab-60403c33b0cc', '???', 'Floor_First_Office_IDK13', NULL, 402.7, 273.6, 52.1, 80.2, 1, 'd33d56e3-aca8-4b62-b34a-9e3882276f75');
INSERT INTO objects (id, name, alias, description, x, y, width, height, object_type_id, floor_id) 
        VALUES ('b7eff446-4121-4f51-bf6e-de0e35411215', '???', 'Floor_First_Office_IDK14', NULL, 454.8, 273.6, 53.6, 80.4, 1, 'd33d56e3-aca8-4b62-b34a-9e3882276f75');
INSERT INTO objects (id, name, alias, description, x, y, width, height, object_type_id, floor_id) 
        VALUES ('2ad9981e-1bfd-46fa-88bc-256552848d0b', '???', 'Floor_First_Office_IDK15', NULL, 508.4, 286.7, 94.1, 67.3, 1, 'd33d56e3-aca8-4b62-b34a-9e3882276f75');
INSERT INTO objects (id, name, alias, description, x, y, width, height, object_type_id, floor_id) 
        VALUES ('7b1e26ca-dcd4-46d6-9b79-471a298cc1fc', '???', 'Floor_First_Office_IDK16', NULL, 602.5, 286.7, 150.8, 67.3, 1, 'd33d56e3-aca8-4b62-b34a-9e3882276f75');
INSERT INTO objects (id, name, alias, description, x, y, width, height, object_type_id, floor_id) 
        VALUES ('b1b87f98-d7d9-4485-b6db-14cb60eff14a', 'Женский туалет', 'Floor_First_Office_Toilet-Shkn-W', NULL, 255.2, 1199.6, 58.7, 106.1, 4, 'd33d56e3-aca8-4b62-b34a-9e3882276f75');
INSERT INTO objects (id, name, alias, description, x, y, width, height, object_type_id, floor_id) 
        VALUES ('00db51d5-7e27-4402-997b-ad212b5dc33c', 'Мужской туалет', 'Floor_First_Office_Toilet-Shkn-M', NULL, 196.5, 1199.6, 58.7, 106.2, 3, 'd33d56e3-aca8-4b62-b34a-9e3882276f75');
INSERT INTO objects (id, name, alias, description, x, y, width, height, object_type_id, floor_id) 
        VALUES ('5bcb5bc2-cb4a-4318-af5c-208d96ca35ad', '101', 'Floor_First_Office_101', NULL, 86.9, 931.5, 109.6, 156.1, 1, 'd33d56e3-aca8-4b62-b34a-9e3882276f75');
INSERT INTO objects (id, name, alias, description, x, y, width, height, object_type_id, floor_id) 
        VALUES ('b9b7c29f-17cf-4a89-a552-e1f43a3c378a', '???', 'Floor_First_Office_IDK101', NULL, 86.9, 768.7, 109.6, 162.8, 1, 'd33d56e3-aca8-4b62-b34a-9e3882276f75');
INSERT INTO objects (id, name, alias, description, x, y, width, height, object_type_id, floor_id) 
        VALUES ('8b120f43-da64-4d3c-8502-f3f9f9475d69', '???', 'Floor_First_Office_IDK102', NULL, 196.5, 768.7, 117.4, 107.0, 1, 'd33d56e3-aca8-4b62-b34a-9e3882276f75');
INSERT INTO objects (id, name, alias, description, x, y, width, height, object_type_id, floor_id) 
        VALUES ('751ee5d0-451e-4352-86e7-bd624090b590', '106', 'Floor_First_Office_106', NULL, 313.9, 1074.5, 186.6, 82.4, 1, 'd33d56e3-aca8-4b62-b34a-9e3882276f75');
INSERT INTO objects (id, name, alias, description, x, y, width, height, object_type_id, floor_id) 
        VALUES ('6c18f982-1146-43f3-81de-8041f71d927f', '107', 'Floor_First_Office_107', NULL, 500.5, 1052.5, 90.5, 104.4, 1, 'd33d56e3-aca8-4b62-b34a-9e3882276f75');
INSERT INTO objects (id, name, alias, description, x, y, width, height, object_type_id, floor_id) 
        VALUES ('80f6376e-e5dc-4929-a845-c73826f02c5b', '???', 'Floor_First_Office_IDK25', NULL, 1121.3, 1117.8, 405.2, 77.2, 1, 'd33d56e3-aca8-4b62-b34a-9e3882276f75');
INSERT INTO objects (id, name, alias, description, x, y, width, height, object_type_id, floor_id) 
        VALUES ('373accf4-88f6-4c37-8fe9-b68b9e1b117e', 'Гардероб', 'Floor_First_Office_Wardrobe1', NULL, 1121.3, 994.8, 192.3, 123.0, 1, 'd33d56e3-aca8-4b62-b34a-9e3882276f75');
INSERT INTO objects (id, name, alias, description, x, y, width, height, object_type_id, floor_id) 
        VALUES ('aa8a14d1-079e-4d9e-84c7-97d078495bc2', '101b', 'Floor_First_Office_101b', NULL, 1408.6, 994.8, 117.9, 123.0, 1, 'd33d56e3-aca8-4b62-b34a-9e3882276f75');
INSERT INTO objects (id, name, alias, description, x, y, width, height, object_type_id, floor_id) 
        VALUES ('d7a67917-b414-477e-8c39-5dcc8432a07a', '100b', 'Floor_First_Office_100b', NULL, 1526.5, 994.8, 62.6, 123.0, 1, 'd33d56e3-aca8-4b62-b34a-9e3882276f75');
INSERT INTO objects (id, name, alias, description, x, y, width, height, object_type_id, floor_id) 
        VALUES ('5737b816-971c-41c2-9f98-62c40c842577', '???', 'Floor_First_Office_IDK52', NULL, 1409.4, 786.9, 54.9, 116.0, 1, 'd33d56e3-aca8-4b62-b34a-9e3882276f75');
INSERT INTO objects (id, name, alias, description, x, y, width, height, object_type_id, floor_id) 
        VALUES ('bcd762cd-66cd-40bc-b4be-bdb03258c1be', '???', 'Floor_First_Office_IDK53', NULL, 1464.4, 786.9, 54.6, 116.0, 1, 'd33d56e3-aca8-4b62-b34a-9e3882276f75');
INSERT INTO objects (id, name, alias, description, x, y, width, height, object_type_id, floor_id) 
        VALUES ('b1cd6cbd-7c59-42b4-a343-e2742fc5f256', '???', 'Floor_First_Office_IDK54', NULL, 1519.0, 786.9, 70.5, 116.0, 1, 'd33d56e3-aca8-4b62-b34a-9e3882276f75');
INSERT INTO objects (id, name, alias, description, x, y, width, height, object_type_id, floor_id) 
        VALUES ('3e1b8dc8-caaa-4517-a71d-9904867b6981', 'Gym', 'Floor_First_Office_Gym', NULL, 906.7, 1052.6, 214.6, 477.6, 7, 'd33d56e3-aca8-4b62-b34a-9e3882276f75');
INSERT INTO objects (id, name, alias, description, x, y, width, height, object_type_id, floor_id) 
        VALUES ('611209f8-6cfa-4967-b4c4-19610c7f814f', 'Dining', 'Floor_First_Office_Dining', NULL, 591.0, 1052.5, 212.2, 477.7, 1, 'd33d56e3-aca8-4b62-b34a-9e3882276f75');
INSERT INTO objects (id, name, alias, description, x, y, width, height, object_type_id, floor_id) 
        VALUES ('dec3d716-07d9-4806-9599-db330e08dabe', 'Кухня', 'Floor_First_Office_Kitchen-1', NULL, 690.5, 1316.0, 112.8, 75.5, 1, 'd33d56e3-aca8-4b62-b34a-9e3882276f75');
INSERT INTO objects (id, name, alias, description, x, y, width, height, object_type_id, floor_id) 
        VALUES ('ede0f6ce-63be-42b9-8144-c3c517703d3b', 'Кухня', 'Floor_First_Office_Kitchen-2', NULL, 690.5, 1391.5, 56.4, 75.5, 1, 'd33d56e3-aca8-4b62-b34a-9e3882276f75');
INSERT INTO objects (id, name, alias, description, x, y, width, height, object_type_id, floor_id) 
        VALUES ('0fbd5843-9997-4cda-8742-d4c089e5b840', 'Кухня', 'Floor_First_Office_Kitchen-3', NULL, 591.0, 1316.0, 99.5, 214.2, 1, 'd33d56e3-aca8-4b62-b34a-9e3882276f75');
INSERT INTO objects (id, name, alias, description, x, y, width, height, object_type_id, floor_id) 
        VALUES ('85183abd-7a3f-4275-9b24-900246246055', 'Кухня', 'Floor_First_Office_Kitchen-4', NULL, 746.1, 1391.5, 57.2, 75.5, 1, 'd33d56e3-aca8-4b62-b34a-9e3882276f75');
INSERT INTO objects (id, name, alias, description, x, y, width, height, object_type_id, floor_id) 
        VALUES ('c4203a62-f056-4634-9c46-403e023f9ffb', 'Кухня', 'Floor_First_Office_Kitchen-5', NULL, 690.5, 1467.1, 112.7, 63.1, 1, 'd33d56e3-aca8-4b62-b34a-9e3882276f75');
INSERT INTO objects (id, name, alias, description, x, y, width, height, object_type_id, floor_id) 
        VALUES ('e1f94bed-0684-49dd-8a56-760906c35176', 'Кухня', 'Floor_First_Office_Kitchen-6', NULL, 803.2, 1467.0, 103.5, 63.1, 1, 'd33d56e3-aca8-4b62-b34a-9e3882276f75');
INSERT INTO objects (id, name, alias, description, x, y, width, height, object_type_id, floor_id) 
        VALUES ('c2681c90-edfb-4342-bc6c-a044146a34c9', '???', 'Floor_First_Office_IDK59', NULL, 1026.5, 994.8, 94.8, 57.8, 1, 'd33d56e3-aca8-4b62-b34a-9e3882276f75');
INSERT INTO objects (id, name, alias, description, x, y, width, height, object_type_id, floor_id) 
        VALUES ('0a4b5c59-befe-4ea6-a27b-66c2f2d2f7df', '???', 'Floor_First_Office_IDK113', NULL, 953.8, 994.8, 72.7, 57.8, 1, 'd33d56e3-aca8-4b62-b34a-9e3882276f75');
INSERT INTO objects (id, name, alias, description, x, y, width, height, object_type_id, floor_id) 
        VALUES ('fa8545b0-2907-4035-afa1-988b6c71426e', '100', 'Floor_First_Office_100', NULL, 86.9, 1087.6, 109.6, 218.2, 1, 'd33d56e3-aca8-4b62-b34a-9e3882276f75');
INSERT INTO objects (id, name, alias, description, x, y, width, height, object_type_id, floor_id) 
        VALUES ('c246b61c-257b-43f3-8c79-af41183bc868', '???', 'Floor_First_Office_IDK1131', NULL, 947.2, 1052.6, 174.1, 48.5, 1, 'd33d56e3-aca8-4b62-b34a-9e3882276f75');
INSERT INTO objects (id, name, alias, description, x, y, width, height, object_type_id, floor_id) 
        VALUES ('76f55815-c0cd-43ab-89b6-61d31ca8184e', '???', 'Floor_First_Office_IDK1132', NULL, 803.2, 1316.0, 51.8, 30.9, 1, 'd33d56e3-aca8-4b62-b34a-9e3882276f75');
INSERT INTO objects (id, name, alias, description, x, y, width, height, object_type_id, floor_id) 
        VALUES ('46dc7e77-ce9f-424a-9230-55829b03b55a', '???', 'Floor_First_Office_IDK1133', NULL, 855.0, 1316.0, 51.7, 30.9, 1, 'd33d56e3-aca8-4b62-b34a-9e3882276f75');
INSERT INTO objects (id, name, alias, description, x, y, width, height, object_type_id, floor_id) 
        VALUES ('d7c4c3ac-1611-430e-95a9-1580f6316cd6', '???', 'Floor_First_Office_IDK1134', NULL, 855.0, 1346.9, 51.7, 120.1, 1, 'd33d56e3-aca8-4b62-b34a-9e3882276f75');
INSERT INTO objects (id, name, alias, description, x, y, width, height, object_type_id, floor_id) 
        VALUES ('44109937-10e5-460c-9775-a2d7cc5a8832', '???', 'Floor_First_Office_IDK1135', NULL, 803.3, 1346.9, 51.7, 120.1, 1, 'd33d56e3-aca8-4b62-b34a-9e3882276f75');
INSERT INTO objects (id, name, alias, description, x, y, width, height, object_type_id, floor_id) 
        VALUES ('ef5a771c-4db5-4899-b421-57ef6294edce', '???', 'Floor_First_Office_IDK1136', NULL, 864.8, 1225.6, 41.9, 58.5, 1, 'd33d56e3-aca8-4b62-b34a-9e3882276f75');
INSERT INTO objects (id, name, alias, description, x, y, width, height, object_type_id, floor_id) 
        VALUES ('59775d8d-90be-449b-b738-a557e5ec7c2f', '???', 'Floor_First_Office_IDK1137', NULL, 803.2, 1284.1, 103.5, 31.9, 1, 'd33d56e3-aca8-4b62-b34a-9e3882276f75');
INSERT INTO objects (id, name, alias, description, x, y, width, height, object_type_id, floor_id) 
        VALUES ('18e31541-ebcc-4a00-8e56-97216556241b', '102', 'Floor_First_Office_102', NULL, 196.5, 875.7, 117.4, 81.4, 1, 'd33d56e3-aca8-4b62-b34a-9e3882276f75');
INSERT INTO objects (id, name, alias, description, x, y, width, height, object_type_id, floor_id) 
        VALUES ('3bcbbfd7-efee-422a-99e5-dd9d0d900456', '105', 'Floor_First_Office_105', NULL, 247.1, 936.5, 66.8, 98.5, 1, 'd33d56e3-aca8-4b62-b34a-9e3882276f75');
INSERT INTO objects (id, name, alias, description, x, y, width, height, object_type_id, floor_id) 
        VALUES ('42495e8e-8cb1-4970-83fa-f961112d22ad', 'IDK271', 'Floor_First_Office_IDK271', NULL, 1121.5, 786.2, 122.0, 105.9, 1, 'd33d56e3-aca8-4b62-b34a-9e3882276f75');
INSERT INTO objects (id, name, alias, description, x, y, width, height, object_type_id, floor_id) 
        VALUES ('c8f6c1d7-431b-41b4-93de-05653af9fc86', '107a', 'Floor_First_Office_107a', NULL, 1589.1, 1010.5, 102.8, 54.1, 1, 'd33d56e3-aca8-4b62-b34a-9e3882276f75');
INSERT INTO objects (id, name, alias, description, x, y, width, height, object_type_id, floor_id) 
        VALUES ('30a6505b-13b4-4dff-a36a-afed8e4d7aa8', '105a', 'Floor_First_Office_105a', NULL, 1589.1, 1064.5, 102.8, 53.3, 1, 'd33d56e3-aca8-4b62-b34a-9e3882276f75');
INSERT INTO objects (id, name, alias, description, x, y, width, height, object_type_id, floor_id) 
        VALUES ('7c7671dc-b51e-4f48-8fb8-5ca8ee6a64cd', '103a', 'Floor_First_Office_103a', NULL, 1589.1, 1117.8, 102.8, 108.0, 1, 'd33d56e3-aca8-4b62-b34a-9e3882276f75');
INSERT INTO objects (id, name, alias, description, x, y, width, height, object_type_id, floor_id) 
        VALUES ('b6780881-6ce7-4b0b-965a-617417d65255', '102a', 'Floor_First_Office_102a', NULL, 1589.1, 1225.8, 102.8, 164.0, 1, 'd33d56e3-aca8-4b62-b34a-9e3882276f75');
INSERT INTO objects (id, name, alias, description, x, y, width, height, object_type_id, floor_id) 
        VALUES ('193432c0-58d2-4a89-8f5e-d661b3422b48', '101a', 'Floor_First_Office_101a', NULL, 1743.4, 1282.5, 107.7, 107.3, 1, 'd33d56e3-aca8-4b62-b34a-9e3882276f75');
INSERT INTO objects (id, name, alias, description, x, y, width, height, object_type_id, floor_id) 
        VALUES ('b210d616-0a81-4172-9fd8-6667c0be3af2', '104a', 'Floor_First_Office_104a', NULL, 1743.4, 1227.4, 107.7, 55.1, 1, 'd33d56e3-aca8-4b62-b34a-9e3882276f75');
INSERT INTO objects (id, name, alias, description, x, y, width, height, object_type_id, floor_id) 
        VALUES ('e4525fce-d773-4503-b4e7-fd806c6f8881', '106a', 'Floor_First_Office_106a', NULL, 1743.4, 1122.0, 107.7, 105.4, 1, 'd33d56e3-aca8-4b62-b34a-9e3882276f75');
INSERT INTO objects (id, name, alias, description, x, y, width, height, object_type_id, floor_id) 
        VALUES ('2f92e72d-c564-42e6-9b93-464c43999f09', 'Мужский Туалет', 'Floor_First_Office_Toilet-M-FizHim', NULL, 1743.4, 1055.8, 107.7, 66.3, 3, 'd33d56e3-aca8-4b62-b34a-9e3882276f75');
INSERT INTO objects (id, name, alias, description, x, y, width, height, object_type_id, floor_id) 
        VALUES ('d1b97066-0bf4-45f3-8cac-6b04ab32fe9f', 'Женский Туалет', 'Floor_First_Office_Toilet-W-FizHim', NULL, 1743.4, 1010.5, 107.7, 45.3, 4, 'd33d56e3-aca8-4b62-b34a-9e3882276f75');
INSERT INTO objects (id, name, alias, description, x, y, width, height, object_type_id, floor_id) 
        VALUES ('c922c3f6-1f50-4077-a804-ea5e24654915', '118a', 'Floor_First_Office_118a', NULL, 1714.3, 35.5, 189.4, 229.5, 1, 'd33d56e3-aca8-4b62-b34a-9e3882276f75');
INSERT INTO objects (id, name, alias, description, x, y, width, height, object_type_id, floor_id) 
        VALUES ('c4ccba72-b3c3-494c-8020-ddd46ee0f124', '???', 'Floor_First_Office_IDK12313', NULL, 1414.1, 121.0, 175.1, 133.4, 1, 'd33d56e3-aca8-4b62-b34a-9e3882276f75');
INSERT INTO objects (id, name, alias, description, x, y, width, height, object_type_id, floor_id) 
        VALUES ('3afeac96-86d3-458b-a7f7-1c36e80051de', '???', 'Floor_First_Office_IDK40', NULL, 1414.1, 254.4, 175.1, 99.6, 1, 'd33d56e3-aca8-4b62-b34a-9e3882276f75');
INSERT INTO objects (id, name, alias, description, x, y, width, height, object_type_id, floor_id) 
        VALUES ('c8837b65-119d-411b-8675-24ac65c6b301', '116a', 'Floor_First_Office_116a', NULL, 1742.4, 354.0, 108.7, 121.0, 1, 'd33d56e3-aca8-4b62-b34a-9e3882276f75');
INSERT INTO objects (id, name, alias, description, x, y, width, height, object_type_id, floor_id) 
        VALUES ('7d2eea54-500b-4a54-96c8-49c509d07d79', '114', 'Floor_First_Office_114', NULL, 1742.4, 475.0, 108.7, 164.4, 1, 'd33d56e3-aca8-4b62-b34a-9e3882276f75');
INSERT INTO objects (id, name, alias, description, x, y, width, height, object_type_id, floor_id) 
        VALUES ('88ff0dba-b0af-485b-8256-785d8f64d297', '112', 'Floor_First_Office_112', NULL, 1742.4, 639.4, 108.7, 53.3, 1, 'd33d56e3-aca8-4b62-b34a-9e3882276f75');
INSERT INTO objects (id, name, alias, description, x, y, width, height, object_type_id, floor_id) 
        VALUES ('b8432a1a-87b7-4927-949b-cb28d48037c6', '110', 'Floor_First_Office_110', NULL, 1742.4, 692.7, 108.7, 158.2, 1, 'd33d56e3-aca8-4b62-b34a-9e3882276f75');
INSERT INTO objects (id, name, alias, description, x, y, width, height, object_type_id, floor_id) 
        VALUES ('752ded91-08af-4037-856f-1c2c693aac20', '108', 'Floor_First_Office_108', NULL, 1742.4, 850.9, 108.7, 52.1, 1, 'd33d56e3-aca8-4b62-b34a-9e3882276f75');
INSERT INTO objects (id, name, alias, description, x, y, width, height, object_type_id, floor_id) 
        VALUES ('abff3600-16bc-46c1-b7df-95e214194783', '109a', 'Floor_First_Office_109a', NULL, 1589.4, 849.2, 103.6, 53.8, 1, 'd33d56e3-aca8-4b62-b34a-9e3882276f75');
INSERT INTO objects (id, name, alias, description, x, y, width, height, object_type_id, floor_id) 
        VALUES ('95c8f7df-20b9-44c7-b36a-2f4e91adf285', '???', 'Floor_First_Office_IDK47', NULL, 1589.4, 740.2, 103.6, 109.0, 1, 'd33d56e3-aca8-4b62-b34a-9e3882276f75');
INSERT INTO objects (id, name, alias, description, x, y, width, height, object_type_id, floor_id) 
        VALUES ('35f89505-d042-476a-abc4-b9fb092ac85c', '113a', 'Floor_First_Office_113a', NULL, 1589.4, 688.3, 103.6, 51.9, 1, 'd33d56e3-aca8-4b62-b34a-9e3882276f75');
INSERT INTO objects (id, name, alias, description, x, y, width, height, object_type_id, floor_id) 
        VALUES ('1e4f1070-4628-475e-8ec5-fdb86a4650d6', '115a', 'Floor_First_Office_115a', NULL, 1589.4, 528.4, 103.6, 159.9, 1, 'd33d56e3-aca8-4b62-b34a-9e3882276f75');
INSERT INTO objects (id, name, alias, description, x, y, width, height, object_type_id, floor_id) 
        VALUES ('d2522c8e-530d-4b46-973b-9b09f7c92c65', '117a', 'Floor_First_Office_117a', NULL, 1589.2, 422.5, 103.8, 105.9, 1, 'd33d56e3-aca8-4b62-b34a-9e3882276f75');
INSERT INTO objects (id, name, alias, description, x, y, width, height, object_type_id, floor_id) 
        VALUES ('81b650e4-0539-42cd-a53d-c20ed199f323', '119a', 'Floor_First_Office_119a', NULL, 1589.2, 354.0, 103.8, 68.6, 1, 'd33d56e3-aca8-4b62-b34a-9e3882276f75');
INSERT INTO objects (id, name, alias, description, x, y, width, height, object_type_id, floor_id) 
        VALUES ('003e6895-4e46-4287-a2f4-8189189c70f9', 'Мужской Туалет', 'Floor_Second_Office_ToiletM-Shkn', NULL, 196.5, 1199.8, 58.7, 105.9, 3, '4ccb7c2d-0bb2-49e0-828f-5b2c43787ee5');
INSERT INTO objects (id, name, alias, description, x, y, width, height, object_type_id, floor_id) 
        VALUES ('eb897dab-eecb-4607-be63-5ced59564aed', 'Женский Туалет', 'Floor_Second_Office_ToiletW-Shkn', NULL, 255.2, 1199.8, 58.7, 105.9, 4, '4ccb7c2d-0bb2-49e0-828f-5b2c43787ee5');
INSERT INTO objects (id, name, alias, description, x, y, width, height, object_type_id, floor_id) 
        VALUES ('01e8f38a-1d86-48c3-be41-82f34990e064', '201', 'Floor_Second_Office_201', NULL, 86.9, 1171.1, 109.6, 134.6, 1, '4ccb7c2d-0bb2-49e0-828f-5b2c43787ee5');
INSERT INTO objects (id, name, alias, description, x, y, width, height, object_type_id, floor_id) 
        VALUES ('9c85926c-85a9-475c-88c0-584082576a60', '202', 'Floor_Second_Office_202', NULL, 86.9, 1013.3, 109.6, 157.8, 1, '4ccb7c2d-0bb2-49e0-828f-5b2c43787ee5');
INSERT INTO objects (id, name, alias, description, x, y, width, height, object_type_id, floor_id) 
        VALUES ('3565e043-95cd-4896-95d2-ec7f8ceb861f', '203', 'Floor_Second_Office_203', NULL, 86.9, 843.3, 109.6, 170.0, 1, '4ccb7c2d-0bb2-49e0-828f-5b2c43787ee5');
INSERT INTO objects (id, name, alias, description, x, y, width, height, object_type_id, floor_id) 
        VALUES ('37eea831-37da-4908-800d-121967188e73', '204', 'Floor_Second_Office_204', NULL, 86.9, 673.3, 109.6, 170.0, 1, '4ccb7c2d-0bb2-49e0-828f-5b2c43787ee5');
INSERT INTO objects (id, name, alias, description, x, y, width, height, object_type_id, floor_id) 
        VALUES ('230ceb36-5c8d-4ff7-97ca-2bef4a3fb967', '208', 'Floor_Second_Office_208', NULL, 250.7, 353.8, 63.2, 161.7, 1, '4ccb7c2d-0bb2-49e0-828f-5b2c43787ee5');
INSERT INTO objects (id, name, alias, description, x, y, width, height, object_type_id, floor_id) 
        VALUES ('3346f54c-0fff-4fce-871f-5536dbbf64fb', '209', 'Floor_Second_Office_209', NULL, 250.7, 515.5, 63.2, 157.8, 1, '4ccb7c2d-0bb2-49e0-828f-5b2c43787ee5');
INSERT INTO objects (id, name, alias, description, x, y, width, height, object_type_id, floor_id) 
        VALUES ('0e386bcd-e3e3-4338-8bfc-d5c2d8d3af44', '210', 'Floor_Second_Office_210', NULL, 86.9, 121.0, 109.6, 231.5, 1, '4ccb7c2d-0bb2-49e0-828f-5b2c43787ee5');
INSERT INTO objects (id, name, alias, description, x, y, width, height, object_type_id, floor_id) 
        VALUES ('3a7986ce-e128-45b9-9d79-65ab98ce83bf', '211', 'Floor_Second_Office_211', NULL, 196.5, 121.0, 165.5, 120.6, 1, '4ccb7c2d-0bb2-49e0-828f-5b2c43787ee5');
INSERT INTO objects (id, name, alias, description, x, y, width, height, object_type_id, floor_id) 
        VALUES ('f771be96-8ee0-4813-ba6c-05036fa4cc41', '212', 'Floor_Second_Office_212', NULL, 362.0, 121.0, 154.4, 120.6, 1, '4ccb7c2d-0bb2-49e0-828f-5b2c43787ee5');
INSERT INTO objects (id, name, alias, description, x, y, width, height, object_type_id, floor_id) 
        VALUES ('00ffabc9-33f6-4c23-8152-9e52f045a93c', '213', 'Floor_Second_Office_213', NULL, 567.1, 121.0, 157.3, 120.6, 1, '4ccb7c2d-0bb2-49e0-828f-5b2c43787ee5');
INSERT INTO objects (id, name, alias, description, x, y, width, height, object_type_id, floor_id) 
        VALUES ('bbaa1b18-5bfe-4112-bfdc-a8d5fe5642e1', '214', 'Floor_Second_Office_214', NULL, 720.0, 121.0, 120.0, 120.6, 1, '4ccb7c2d-0bb2-49e0-828f-5b2c43787ee5');
INSERT INTO objects (id, name, alias, description, x, y, width, height, object_type_id, floor_id) 
        VALUES ('9453731c-3868-4ae8-baf2-708f555c86fc', '215', 'Floor_Second_Office_215', NULL, 840.0, 121.0, 180.6, 120.6, 1, '4ccb7c2d-0bb2-49e0-828f-5b2c43787ee5');
INSERT INTO objects (id, name, alias, description, x, y, width, height, object_type_id, floor_id) 
        VALUES ('b3094255-5a01-4b13-ab69-a761e93ea9f7', '216', 'Floor_Second_Office_216', NULL, 1020.6, 121.0, 272.2, 120.6, 1, '4ccb7c2d-0bb2-49e0-828f-5b2c43787ee5');
INSERT INTO objects (id, name, alias, description, x, y, width, height, object_type_id, floor_id) 
        VALUES ('a0b367f1-f0fa-43cb-8975-32fb2fa4a0ff', '217', 'Floor_Second_Office_217', NULL, 1100.3, 241.6, 192.6, 112.4, 1, '4ccb7c2d-0bb2-49e0-828f-5b2c43787ee5');
INSERT INTO objects (id, name, alias, description, x, y, width, height, object_type_id, floor_id) 
        VALUES ('3d1f996e-1240-4376-a4cd-6add7319051f', '218', 'Floor_Second_Office_218', NULL, 624.3, 286.7, 128.9, 67.3, 1, '4ccb7c2d-0bb2-49e0-828f-5b2c43787ee5');
INSERT INTO objects (id, name, alias, description, x, y, width, height, object_type_id, floor_id) 
        VALUES ('6825cdb4-fa0e-47e6-a21c-51b396ff86c6', '219', 'Floor_Second_Office_219', NULL, 511.3, 286.7, 113.1, 67.3, 1, '4ccb7c2d-0bb2-49e0-828f-5b2c43787ee5');
INSERT INTO objects (id, name, alias, description, x, y, width, height, object_type_id, floor_id) 
        VALUES ('6ab911c0-08bc-42de-b59e-d58ec081b43f', '205', 'Floor_Second_Office_205', NULL, 86.9, 504.2, 109.6, 170.0, 1, '4ccb7c2d-0bb2-49e0-828f-5b2c43787ee5');
INSERT INTO objects (id, name, alias, description, x, y, width, height, object_type_id, floor_id) 
        VALUES ('f1b2e48f-c177-45db-9ad5-5dd4682fca68', '206', 'Floor_Second_Office_206', NULL, 86.9, 352.5, 109.6, 151.7, 1, '4ccb7c2d-0bb2-49e0-828f-5b2c43787ee5');
INSERT INTO objects (id, name, alias, description, x, y, width, height, object_type_id, floor_id) 
        VALUES ('944e696c-068d-406f-b8dd-492d8456b99b', '111', 'Floor_Second_Office_111', NULL, 591.0, 989.1, 212.3, 425.8, 1, '4ccb7c2d-0bb2-49e0-828f-5b2c43787ee5');
INSERT INTO objects (id, name, alias, description, x, y, width, height, object_type_id, floor_id) 
        VALUES ('bccdff2d-2f0f-473b-9f1e-01f35e33e1a3', '202-2', 'Floor_Second_Office_202-2', NULL, 803.3, 1349.4, 103.1, 180.8, 1, '4ccb7c2d-0bb2-49e0-828f-5b2c43787ee5');
INSERT INTO objects (id, name, alias, description, x, y, width, height, object_type_id, floor_id) 
        VALUES ('335d7dba-6196-4b64-a5fd-af17f78860ab', 'Серверная 111-202', 'Floor_Second_Server_111-202', NULL, 591.0, 1414.9, 212.3, 115.3, 1, '4ccb7c2d-0bb2-49e0-828f-5b2c43787ee5');
INSERT INTO objects (id, name, alias, description, x, y, width, height, object_type_id, floor_id) 
        VALUES ('4f08dd5b-340d-40fd-aac8-b025961fbc58', '212a', 'Floor_Second_Office_212a', NULL, 516.4, 121.0, 50.7, 120.6, 1, '4ccb7c2d-0bb2-49e0-828f-5b2c43787ee5');
INSERT INTO objects (id, name, alias, description, x, y, width, height, object_type_id, floor_id) 
        VALUES ('c8c4d99b-1f8a-4655-bfd4-18d2d929f045', '219a', 'Floor_Second_Office_219a', NULL, 1292.9, 230.5, 123.5, 123.5, 1, '4ccb7c2d-0bb2-49e0-828f-5b2c43787ee5');
INSERT INTO objects (id, name, alias, description, x, y, width, height, object_type_id, floor_id) 
        VALUES ('8ec1d190-8fd1-49c0-a66e-f13a935bfbc4', '215a', 'Floor_Second_Office_215a', NULL, 1416.4, 277.9, 173.1, 76.1, 1, '4ccb7c2d-0bb2-49e0-828f-5b2c43787ee5');
INSERT INTO objects (id, name, alias, description, x, y, width, height, object_type_id, floor_id) 
        VALUES ('ab84d0e5-16cb-422f-b738-00eaaba9d1d3', '217a', 'Floor_Second_Office_217a', NULL, 1293.3, 121.0, 172.5, 109.5, 1, '4ccb7c2d-0bb2-49e0-828f-5b2c43787ee5');
INSERT INTO objects (id, name, alias, description, x, y, width, height, object_type_id, floor_id) 
        VALUES ('dfdb7d50-0e17-4882-86c6-e88ace86acac', '224a', 'Floor_Second_Office_224a', NULL, 1465.8, 121.0, 123.7, 109.5, 1, '4ccb7c2d-0bb2-49e0-828f-5b2c43787ee5');
INSERT INTO objects (id, name, alias, description, x, y, width, height, object_type_id, floor_id) 
        VALUES ('76b4f456-5388-41df-b793-638f0e0f07b3', '213a', 'Floor_Second_Office_213a', NULL, 1589.5, 354.0, 103.4, 146.9, 1, '4ccb7c2d-0bb2-49e0-828f-5b2c43787ee5');
INSERT INTO objects (id, name, alias, description, x, y, width, height, object_type_id, floor_id) 
        VALUES ('b7ae389d-5ed4-4cff-b5e9-2b9b60652a07', '211a', 'Floor_Second_Office_211a', NULL, 1589.5, 500.9, 103.4, 154.1, 1, '4ccb7c2d-0bb2-49e0-828f-5b2c43787ee5');
INSERT INTO objects (id, name, alias, description, x, y, width, height, object_type_id, floor_id) 
        VALUES ('b0d6dbc5-cf58-4410-93ea-4d31fd8dbb9a', '209a', 'Floor_Second_Office_209a', NULL, 1589.2, 655.0, 103.7, 65.1, 1, '4ccb7c2d-0bb2-49e0-828f-5b2c43787ee5');
INSERT INTO objects (id, name, alias, description, x, y, width, height, object_type_id, floor_id) 
        VALUES ('a15ee12e-15b5-4626-800a-b303f21aa310', '???', 'Floor_Second_Office_IDK1', NULL, 1589.2, 720.1, 103.7, 211.2, 1, '4ccb7c2d-0bb2-49e0-828f-5b2c43787ee5');
INSERT INTO objects (id, name, alias, description, x, y, width, height, object_type_id, floor_id) 
        VALUES ('9f567095-07c5-4cfc-818b-0fe4900bd414', '???', 'Floor_Second_Office_IDK2', NULL, 1589.2, 931.3, 103.7, 54.4, 1, '4ccb7c2d-0bb2-49e0-828f-5b2c43787ee5');
INSERT INTO objects (id, name, alias, description, x, y, width, height, object_type_id, floor_id) 
        VALUES ('35830df4-5970-4259-ac71-14f4ddabf08f', '205a', 'Floor_Second_Office_205a', NULL, 1589.2, 985.8, 103.7, 164.1, 1, '4ccb7c2d-0bb2-49e0-828f-5b2c43787ee5');
INSERT INTO objects (id, name, alias, description, x, y, width, height, object_type_id, floor_id) 
        VALUES ('18312428-9cb4-4a2a-930a-0587d5798218', '201a', 'Floor_Second_Office_201a', NULL, 1589.2, 1196.6, 103.7, 193.2, 1, '4ccb7c2d-0bb2-49e0-828f-5b2c43787ee5');
INSERT INTO objects (id, name, alias, description, x, y, width, height, object_type_id, floor_id) 
        VALUES ('496f1efd-3cc4-426b-aa22-ad53c07a95b8', '202a', 'Floor_Second_Office_202a', NULL, 1743.4, 1276.5, 107.7, 113.3, 1, '4ccb7c2d-0bb2-49e0-828f-5b2c43787ee5');
INSERT INTO objects (id, name, alias, description, x, y, width, height, object_type_id, floor_id) 
        VALUES ('45c957e4-930a-43cd-8bde-09c40de1d9c1', '206a', 'Floor_Second_Office_206a', NULL, 1743.4, 1222.9, 107.7, 53.6, 1, '4ccb7c2d-0bb2-49e0-828f-5b2c43787ee5');
INSERT INTO objects (id, name, alias, description, x, y, width, height, object_type_id, floor_id) 
        VALUES ('d5004b09-d481-4c1b-894f-20098b21f676', '208a', 'Floor_Second_Office_208a', NULL, 1743.4, 1170.1, 107.7, 52.8, 1, '4ccb7c2d-0bb2-49e0-828f-5b2c43787ee5');
INSERT INTO objects (id, name, alias, description, x, y, width, height, object_type_id, floor_id) 
        VALUES ('f1bd68d5-e931-457e-9ce2-2598e24c71d9', 'Женский Туалет', 'Floor_Second_Office_ToiletW-FizHim', NULL, 1743.4, 1120.1, 107.7, 49.9, 4, '4ccb7c2d-0bb2-49e0-828f-5b2c43787ee5');
INSERT INTO objects (id, name, alias, description, x, y, width, height, object_type_id, floor_id) 
        VALUES ('ba2b1d46-47e3-42e1-9575-7a95f5c9d311', 'Мужской Туалет', 'Floor_Second_Office_ToiletM-FizHim', NULL, 1743.4, 1051.3, 107.7, 68.8, 3, '4ccb7c2d-0bb2-49e0-828f-5b2c43787ee5');
INSERT INTO objects (id, name, alias, description, x, y, width, height, object_type_id, floor_id) 
        VALUES ('7856856f-ca9b-4efe-8eeb-e3ea1d3572b0', 'Мужской Туалет', 'Floor_Second_Office_Toilet-Left-FizHim', NULL, 1743.4, 1051.3, 48.6, 27.6, 3, '4ccb7c2d-0bb2-49e0-828f-5b2c43787ee5');
INSERT INTO objects (id, name, alias, description, x, y, width, height, object_type_id, floor_id) 
        VALUES ('931b70d7-a518-4e5b-bf3d-e0623fd6b76b', 'Мужской Туалет', 'Floor_Second_Office_ToiletM-Right-FizHim', NULL, 1743.4, 1079.0, 48.6, 41.1, 3, '4ccb7c2d-0bb2-49e0-828f-5b2c43787ee5');
INSERT INTO objects (id, name, alias, description, x, y, width, height, object_type_id, floor_id) 
        VALUES ('3fd33cd0-ee4a-4d68-9360-774608aa05bf', 'IDK24', 'Floor_Second_Office_IDK24', NULL, 1743.4, 1010.5, 107.7, 40.8, 1, '4ccb7c2d-0bb2-49e0-828f-5b2c43787ee5');
INSERT INTO objects (id, name, alias, description, x, y, width, height, object_type_id, floor_id) 
        VALUES ('59a84270-a57e-4bf2-8dbb-088a11f5c26f', '210a', 'Floor_Second_Office_210a', NULL, 1742.4, 853.1, 108.7, 49.3, 1, '4ccb7c2d-0bb2-49e0-828f-5b2c43787ee5');
INSERT INTO objects (id, name, alias, description, x, y, width, height, object_type_id, floor_id) 
        VALUES ('1736c001-ad44-45ab-9ee4-85554e81496a', '212a1', 'Floor_Second_Office_212a1', NULL, 1742.4, 803.1, 108.7, 49.9, 1, '4ccb7c2d-0bb2-49e0-828f-5b2c43787ee5');
INSERT INTO objects (id, name, alias, description, x, y, width, height, object_type_id, floor_id) 
        VALUES ('f55ac9d8-c6b6-492f-82c9-c0c111616f99', '214a', 'Floor_Second_Office_214a', NULL, 1742.4, 635.1, 108.7, 168.1, 1, '4ccb7c2d-0bb2-49e0-828f-5b2c43787ee5');
INSERT INTO objects (id, name, alias, description, x, y, width, height, object_type_id, floor_id) 
        VALUES ('bc75b923-c87a-4ac6-ba44-16373396b0fc', '216a', 'Floor_Second_Office_216a', NULL, 1742.4, 586.3, 108.7, 49.0, 1, '4ccb7c2d-0bb2-49e0-828f-5b2c43787ee5');
INSERT INTO objects (id, name, alias, description, x, y, width, height, object_type_id, floor_id) 
        VALUES ('e465403f-ef4b-4620-9743-157c79eec965', 'IDK25', 'Floor_Second_Office_IDK25', NULL, 1742.4, 537.3, 108.7, 49.0, 1, '4ccb7c2d-0bb2-49e0-828f-5b2c43787ee5');
INSERT INTO objects (id, name, alias, description, x, y, width, height, object_type_id, floor_id) 
        VALUES ('8295981d-43c7-43b7-b34a-4447595cfd87', 'IDK26', 'Floor_Second_Office_IDK26', NULL, 1742.4, 414.6, 108.7, 122.6, 1, '4ccb7c2d-0bb2-49e0-828f-5b2c43787ee5');
INSERT INTO objects (id, name, alias, description, x, y, width, height, object_type_id, floor_id) 
        VALUES ('865c0d06-bdc1-4b28-bcde-fdea713e12e9', 'IDK27', 'Floor_Second_Office_IDK27', NULL, 1742.4, 365.6, 108.7, 49.0, 1, '4ccb7c2d-0bb2-49e0-828f-5b2c43787ee5');
INSERT INTO objects (id, name, alias, description, x, y, width, height, object_type_id, floor_id) 
        VALUES ('e34fb22e-ec66-4baf-be86-e6166491a7e4', '220a', 'Floor_Second_Office_220a', NULL, 1742.4, 316.6, 108.7, 49.0, 1, '4ccb7c2d-0bb2-49e0-828f-5b2c43787ee5');
INSERT INTO objects (id, name, alias, description, x, y, width, height, object_type_id, floor_id) 
        VALUES ('81442997-2bff-4e01-9929-269efebb634a', '222a', 'Floor_Second_Office_222a', NULL, 1742.4, 267.5, 108.7, 49.0, 1, '4ccb7c2d-0bb2-49e0-828f-5b2c43787ee5');
INSERT INTO objects (id, name, alias, description, x, y, width, height, object_type_id, floor_id) 
        VALUES ('6e96b73f-fbdf-457a-baea-3e78352be1b7', '118', 'Floor_Second_Office_118', NULL, 1713.3, 35.7, 190.4, 231.8, 1, '4ccb7c2d-0bb2-49e0-828f-5b2c43787ee5');
INSERT INTO objects (id, name, alias, description, x, y, width, height, object_type_id, floor_id) 
        VALUES ('feda0951-ed76-471f-b229-cada365978df', 'Женский Туалет', 'Floor_Third_Office_ToiletW', NULL, 254.2, 1199.8, 59.7, 106.0, 4, 'acc38768-c209-4702-957d-778e59f875f3');
INSERT INTO objects (id, name, alias, description, x, y, width, height, object_type_id, floor_id) 
        VALUES ('bf6d64e4-440e-4f3e-ad98-445b9685ace9', '301', 'Floor_Third_Office_301', NULL, 87.0, 1171.1, 109.5, 134.6, 1, 'acc38768-c209-4702-957d-778e59f875f3');
INSERT INTO objects (id, name, alias, description, x, y, width, height, object_type_id, floor_id) 
        VALUES ('a415f1f9-81c2-453e-9f6b-c0ff148af7f8', '302', 'Floor_Third_Office_302', NULL, 87.0, 1013.0, 109.5, 158.1, 1, 'acc38768-c209-4702-957d-778e59f875f3');
INSERT INTO objects (id, name, alias, description, x, y, width, height, object_type_id, floor_id) 
        VALUES ('b74d0a77-e358-4119-ab2a-7404d4982d69', '303', 'Floor_Third_Office_303', NULL, 87.0, 843.0, 109.5, 170.0, 1, 'acc38768-c209-4702-957d-778e59f875f3');
INSERT INTO objects (id, name, alias, description, x, y, width, height, object_type_id, floor_id) 
        VALUES ('331d445f-f251-4733-8183-1d7832a299b0', '304', 'Floor_Third_Office_304', NULL, 87.0, 673.0, 109.5, 170.0, 1, 'acc38768-c209-4702-957d-778e59f875f3');
INSERT INTO objects (id, name, alias, description, x, y, width, height, object_type_id, floor_id) 
        VALUES ('a97fb1cf-206a-46fc-b0c1-8b996059099e', '307', 'Floor_Third_Office_307', NULL, 253.0, 354.0, 60.9, 110.5, 1, 'acc38768-c209-4702-957d-778e59f875f3');
INSERT INTO objects (id, name, alias, description, x, y, width, height, object_type_id, floor_id) 
        VALUES ('19fff5bd-d12a-4acd-ba50-66ac55d09f63', '308', 'Floor_Third_Office_308', NULL, 253.0, 464.5, 60.9, 107.2, 1, 'acc38768-c209-4702-957d-778e59f875f3');
INSERT INTO objects (id, name, alias, description, x, y, width, height, object_type_id, floor_id) 
        VALUES ('2be50996-d6c6-4792-97dc-55ae017e5e5e', '310', 'Floor_Third_Office_310', NULL, 86.9, 121.0, 109.6, 230.8, 1, 'acc38768-c209-4702-957d-778e59f875f3');
INSERT INTO objects (id, name, alias, description, x, y, width, height, object_type_id, floor_id) 
        VALUES ('2cb6ec7e-2881-41e4-8785-b2cb8ff74421', '311', 'Floor_Third_Office_311', NULL, 196.5, 121.3, 165.3, 120.0, 1, 'acc38768-c209-4702-957d-778e59f875f3');
INSERT INTO objects (id, name, alias, description, x, y, width, height, object_type_id, floor_id) 
        VALUES ('45c60db8-8d00-42e7-8bf0-eeeb25c3d108', '314', 'Floor_Third_Office_314', NULL, 362.0, 121.2, 154.3, 120.1, 1, 'acc38768-c209-4702-957d-778e59f875f3');
INSERT INTO objects (id, name, alias, description, x, y, width, height, object_type_id, floor_id) 
        VALUES ('bcde559f-209c-42e2-99af-9a0a48c16cdd', '315', 'Floor_Third_Office_315', NULL, 516.3, 121.3, 153.5, 120.0, 1, 'acc38768-c209-4702-957d-778e59f875f3');
INSERT INTO objects (id, name, alias, description, x, y, width, height, object_type_id, floor_id) 
        VALUES ('8af45448-5a75-48a3-a2cb-e2c20c3577a1', '316', 'Floor_Third_Office_316', NULL, 669.8, 121.4, 120.0, 119.9, 1, 'acc38768-c209-4702-957d-778e59f875f3');
INSERT INTO objects (id, name, alias, description, x, y, width, height, object_type_id, floor_id) 
        VALUES ('56953f92-6943-4cb5-904b-f7f93a7b98ed', '317', 'Floor_Third_Office_317', NULL, 789.8, 121.4, 180.6, 119.9, 1, 'acc38768-c209-4702-957d-778e59f875f3');
INSERT INTO objects (id, name, alias, description, x, y, width, height, object_type_id, floor_id) 
        VALUES ('e0fba12b-5138-4db0-95b1-d198310f90bc', '317a', 'Floor_Third_Office_317a', NULL, 970.2, 121.3, 50.8, 120.0, 1, 'acc38768-c209-4702-957d-778e59f875f3');
INSERT INTO objects (id, name, alias, description, x, y, width, height, object_type_id, floor_id) 
        VALUES ('a7140a23-9370-483e-8de2-4640213500d8', '318', 'Floor_Third_Office_318', NULL, 1020.6, 120.9, 272.7, 120.4, 1, 'acc38768-c209-4702-957d-778e59f875f3');
INSERT INTO objects (id, name, alias, description, x, y, width, height, object_type_id, floor_id) 
        VALUES ('fab01180-914d-482e-a6d6-67ee7a4af9a0', '319', 'Floor_Third_Office_319', NULL, 1100.1, 241.3, 193.2, 112.7, 1, 'acc38768-c209-4702-957d-778e59f875f3');
INSERT INTO objects (id, name, alias, description, x, y, width, height, object_type_id, floor_id) 
        VALUES ('d9db0adb-aca8-4069-8949-4480e5a8a1c3', '320', 'Floor_Third_Office_320', NULL, 624.2, 286.8, 128.9, 67.2, 1, 'acc38768-c209-4702-957d-778e59f875f3');
INSERT INTO objects (id, name, alias, description, x, y, width, height, object_type_id, floor_id) 
        VALUES ('05c669f8-90fc-4a60-ae69-bd4bb39e4d63', '300', 'Floor_Third_Office_300', NULL, 196.5, 1199.8, 57.7, 105.9, 1, 'acc38768-c209-4702-957d-778e59f875f3');
INSERT INTO objects (id, name, alias, description, x, y, width, height, object_type_id, floor_id) 
        VALUES ('e164ee07-fd97-42ca-9515-9ef4853c561f', '305', 'Floor_Third_Office_305', NULL, 87.0, 503.1, 109.5, 170.0, 1, 'acc38768-c209-4702-957d-778e59f875f3');
INSERT INTO objects (id, name, alias, description, x, y, width, height, object_type_id, floor_id) 
        VALUES ('69dbc562-0238-4008-b736-50f10d66a94a', '306', 'Floor_Third_Office_306', NULL, 87.0, 351.8, 109.5, 151.3, 1, 'acc38768-c209-4702-957d-778e59f875f3');
INSERT INTO objects (id, name, alias, description, x, y, width, height, object_type_id, floor_id) 
        VALUES ('b4240d3e-57f9-4154-ab43-dbeb03db6324', 'Серверная', 'Floor_Third_Office_Server', NULL, 533.1, 286.7, 91.1, 67.3, 1, 'acc38768-c209-4702-957d-778e59f875f3');
INSERT INTO objects (id, name, alias, description, x, y, width, height, object_type_id, floor_id) 
        VALUES ('3f3f1580-a952-4e0c-b40e-d47cf2086d3d', '309', 'Floor_Third_Office_309', NULL, 253.0, 571.7, 60.9, 258.1, 1, 'acc38768-c209-4702-957d-778e59f875f3');
INSERT INTO objects (id, name, alias, description, x, y, width, height, object_type_id, floor_id) 
        VALUES ('ee25dbef-5e89-4d02-9061-4d9749ae41d6', '309a', 'Floor_Third_Office_309a', NULL, 253.0, 829.8, 60.9, 109.6, 1, 'acc38768-c209-4702-957d-778e59f875f3');
INSERT INTO objects (id, name, alias, description, x, y, width, height, object_type_id, floor_id) 
        VALUES ('44ca1b70-a4f9-4b11-bc93-adc45f81f8da', 'Мужской Туалет', 'Floor_Fourth_Office_ToiletM', NULL, 196.5, 1199.8, 57.7, 105.9, 3, '517650f2-3e3a-42d0-b6e9-6c8e7271b096');
INSERT INTO objects (id, name, alias, description, x, y, width, height, object_type_id, floor_id) 
        VALUES ('e697dcb4-c741-4801-a7a9-f07b3807f91a', 'Женский Туалет', 'Floor_Fourth_Office_ToiletW', NULL, 254.2, 1199.8, 59.7, 106.0, 4, '517650f2-3e3a-42d0-b6e9-6c8e7271b096');
INSERT INTO objects (id, name, alias, description, x, y, width, height, object_type_id, floor_id) 
        VALUES ('678227ad-ce22-4276-9ea5-294c566d3d53', '401', 'Floor_Fourth_Office_401', NULL, 86.9, 1117.6, 109.5, 188.1, 1, '517650f2-3e3a-42d0-b6e9-6c8e7271b096');
INSERT INTO objects (id, name, alias, description, x, y, width, height, object_type_id, floor_id) 
        VALUES ('b40e34f0-6fbb-4448-b1f4-02e6f1a83496', '402', 'Floor_Fourth_Office_402', NULL, 86.9, 889.8, 109.5, 227.8, 1, '517650f2-3e3a-42d0-b6e9-6c8e7271b096');
INSERT INTO objects (id, name, alias, description, x, y, width, height, object_type_id, floor_id) 
        VALUES ('5bf241ae-e169-4044-80cd-5fb7549796aa', '403', 'Floor_Fourth_Office_403', NULL, 86.9, 560.4, 109.5, 329.4, 1, '517650f2-3e3a-42d0-b6e9-6c8e7271b096');
INSERT INTO objects (id, name, alias, description, x, y, width, height, object_type_id, floor_id) 
        VALUES ('dd64a681-faac-459a-9732-25ceb8ccd0df', '404', 'Floor_Fourth_Office_404', NULL, 86.9, 347.6, 109.5, 212.8, 1, '517650f2-3e3a-42d0-b6e9-6c8e7271b096');
INSERT INTO objects (id, name, alias, description, x, y, width, height, object_type_id, floor_id) 
        VALUES ('8911f6ff-27b1-488d-bdaa-edb3494491aa', '405', 'Floor_Fourth_Office_405', NULL, 251.8, 405.1, 61.4, 107.4, 1, '517650f2-3e3a-42d0-b6e9-6c8e7271b096');
INSERT INTO objects (id, name, alias, description, x, y, width, height, object_type_id, floor_id) 
        VALUES ('96b81890-490f-4e8a-a1f5-84783fa2492b', '406', 'Floor_Fourth_Office_406', NULL, 251.8, 512.5, 61.4, 107.2, 1, '517650f2-3e3a-42d0-b6e9-6c8e7271b096');
INSERT INTO objects (id, name, alias, description, x, y, width, height, object_type_id, floor_id) 
        VALUES ('62ab0992-2c1a-4d0a-9cc7-9182ac3f8a91', '407', 'Floor_Fourth_Office_407', NULL, 251.8, 619.7, 61.4, 105.4, 1, '517650f2-3e3a-42d0-b6e9-6c8e7271b096');
INSERT INTO objects (id, name, alias, description, x, y, width, height, object_type_id, floor_id) 
        VALUES ('b38663be-2511-481d-9301-34adf3d43c77', '408', 'Floor_Fourth_Office_408', NULL, 251.8, 725.1, 61.3, 109.0, 1, '517650f2-3e3a-42d0-b6e9-6c8e7271b096');
INSERT INTO objects (id, name, alias, description, x, y, width, height, object_type_id, floor_id) 
        VALUES ('aa206edb-524e-45d9-843f-1ed6307532a6', '409', 'Floor_Fourth_Office_409', NULL, 251.7, 834.1, 61.4, 109.6, 1, '517650f2-3e3a-42d0-b6e9-6c8e7271b096');
INSERT INTO objects (id, name, alias, description, x, y, width, height, object_type_id, floor_id) 
        VALUES ('f2be53c8-f8a1-4637-aa55-c1547ddda750', '410', 'Floor_Fourth_Office_410', NULL, 86.9, 121.0, 109.5, 226.7, 1, '517650f2-3e3a-42d0-b6e9-6c8e7271b096');
INSERT INTO objects (id, name, alias, description, x, y, width, height, object_type_id, floor_id) 
        VALUES ('69e24415-92b3-40b7-a4cb-a38648fc5f7b', '411', 'Floor_Fourth_Office_411', NULL, 196.4, 121.0, 200.6, 120.1, 1, '517650f2-3e3a-42d0-b6e9-6c8e7271b096');
INSERT INTO objects (id, name, alias, description, x, y, width, height, object_type_id, floor_id) 
        VALUES ('c1e89a1c-67c5-41b3-927c-b9d54e3dd5c7', '412', 'Floor_Fourth_Office_412', NULL, 397.0, 121.0, 152.0, 120.1, 1, '517650f2-3e3a-42d0-b6e9-6c8e7271b096');
INSERT INTO objects (id, name, alias, description, x, y, width, height, object_type_id, floor_id) 
        VALUES ('f83893d9-c84a-4975-9cc8-72cd5bd9c1a1', '413', 'Floor_Fourth_Office_413', NULL, 549.0, 121.0, 143.2, 120.1, 1, '517650f2-3e3a-42d0-b6e9-6c8e7271b096');
INSERT INTO objects (id, name, alias, description, x, y, width, height, object_type_id, floor_id) 
        VALUES ('38103e0a-0dfd-4cb4-89dd-a2a217b8dfb8', '414', 'Floor_Fourth_Office_414', NULL, 692.2, 121.0, 141.2, 120.1, 1, '517650f2-3e3a-42d0-b6e9-6c8e7271b096');
INSERT INTO objects (id, name, alias, description, x, y, width, height, object_type_id, floor_id) 
        VALUES ('c57d6e13-1e8e-40a2-9bb1-5ef6724c12d1', '415', 'Floor_Fourth_Office_415', NULL, 833.4, 121.0, 180.6, 120.1, 1, '517650f2-3e3a-42d0-b6e9-6c8e7271b096');
INSERT INTO objects (id, name, alias, description, x, y, width, height, object_type_id, floor_id) 
        VALUES ('d6144db6-ff39-47a1-bdda-0c0f6b2ffc7b', '415a', 'Floor_Fourth_Office_415a', NULL, 1014.0, 121.0, 169.8, 120.1, 1, '517650f2-3e3a-42d0-b6e9-6c8e7271b096');
INSERT INTO objects (id, name, alias, description, x, y, width, height, object_type_id, floor_id) 
        VALUES ('56cf2667-daed-4a6d-92bd-8621c12fd23e', '422-1', 'Floor_Fourth_Office_422-1', NULL, 1183.8, 121.0, 134.7, 120.1, 1, '517650f2-3e3a-42d0-b6e9-6c8e7271b096');
INSERT INTO objects (id, name, alias, description, x, y, width, height, object_type_id, floor_id) 
        VALUES ('71cb6978-85f4-4c78-b166-bc730b83c712', '422-2', 'Floor_Fourth_Office_422-2', NULL, 1318.5, 120.9, 270.7, 120.1, 1, '517650f2-3e3a-42d0-b6e9-6c8e7271b096');
INSERT INTO objects (id, name, alias, description, x, y, width, height, object_type_id, floor_id) 
        VALUES ('238d1f22-fb91-446b-908f-aeb49b73aeee', '423', 'Floor_Fourth_Office_423', NULL, 1396.6, 241.2, 192.6, 113.0, 1, '517650f2-3e3a-42d0-b6e9-6c8e7271b096');
INSERT INTO objects (id, name, alias, description, x, y, width, height, object_type_id, floor_id) 
        VALUES ('12029a58-fefd-49f8-ad9a-c12fef901843', '416', 'Floor_Fourth_Office_416', NULL, 1145.2, 280.5, 101.5, 73.5, 1, '517650f2-3e3a-42d0-b6e9-6c8e7271b096');
INSERT INTO objects (id, name, alias, description, x, y, width, height, object_type_id, floor_id) 
        VALUES ('48422355-f21d-4c43-854f-5aa3d2e181d4', '417', 'Floor_Fourth_Office_417', NULL, 1045.5, 280.5, 99.7, 73.5, 1, '517650f2-3e3a-42d0-b6e9-6c8e7271b096');
INSERT INTO objects (id, name, alias, description, x, y, width, height, object_type_id, floor_id) 
        VALUES ('84de9723-8400-4d20-a27c-7732cee3ae75', '418', 'Floor_Fourth_Office_418', NULL, 951.9, 280.5, 93.6, 73.5, 1, '517650f2-3e3a-42d0-b6e9-6c8e7271b096');
INSERT INTO objects (id, name, alias, description, x, y, width, height, object_type_id, floor_id) 
        VALUES ('09f65d5a-66a1-41e9-9e47-3b67eb76b1e0', '419', 'Floor_Fourth_Office_419', NULL, 616.0, 286.8, 137.3, 67.3, 1, '517650f2-3e3a-42d0-b6e9-6c8e7271b096');
INSERT INTO objects (id, name, alias, description, x, y, width, height, object_type_id, floor_id) 
        VALUES ('6a827ec9-8ee1-41b7-aef6-e2cd0bf0c004', '420', 'Floor_Fourth_Office_420', NULL, 525.5, 286.8, 90.4, 67.3, 1, '517650f2-3e3a-42d0-b6e9-6c8e7271b096');
INSERT INTO objects (id, name, alias, description, x, y, width, height, object_type_id, floor_id) 
        VALUES ('c6a1fe59-b400-4226-b336-527396c3a383', '421', 'Floor_Fourth_Office_421', NULL, 251.8, 286.8, 145.2, 67.2, 1, '517650f2-3e3a-42d0-b6e9-6c8e7271b096');

INSERT INTO doors (id, x, y, width, height) 
            VALUES ('1c3272ba-9123-4a2f-aaa4-68cc8a672516', 167.6, 291.8, 20.0, 3.0);
INSERT INTO doors (id, x, y, width, height) 
            VALUES ('59ff95f4-deea-4ac4-a9cb-9e3567e8ae13', 368.7, 272.1, 20.0, 3.0);
INSERT INTO doors (id, x, y, width, height) 
            VALUES ('ba503418-905c-42e7-ab12-ba1d6945f28c', 321.1, 240.9, 20.0, 3.0);
INSERT INTO doors (id, x, y, width, height) 
            VALUES ('8e560060-73ac-40f3-b934-bcd4bbebd679', 368.7, 240.9, 20.0, 3.0);
INSERT INTO doors (id, x, y, width, height) 
            VALUES ('0dc023c9-8df9-41e1-8402-426b7bfb9211', 418.8, 240.9, 20.0, 3.0);
INSERT INTO doors (id, x, y, width, height) 
            VALUES ('171e55fd-5dbf-40f6-98a3-2d719e10f1cc', 617.0, 240.9, 20.0, 3.0);
INSERT INTO doors (id, x, y, width, height) 
            VALUES ('a311d3a4-f0e4-4353-8b0b-734bc95459ab', 499.3, 240.9, 20.0, 3.0);
INSERT INTO doors (id, x, y, width, height) 
            VALUES ('1e50e5ae-fe77-4d11-9f1a-5e094fac5b4e', 843.9, 246.9, 3.0, 33.6);
INSERT INTO doors (id, x, y, width, height) 
            VALUES ('4329a61a-dbb2-4d52-b98c-a1f3d6829562', 963.3, 246.9, 3.0, 33.6);
INSERT INTO doors (id, x, y, width, height) 
            VALUES ('a6d10dec-0efc-4c07-aeeb-25923a729ca1', 685.5, 240.9, 20.0, 3.0);
INSERT INTO doors (id, x, y, width, height) 
            VALUES ('367a90f1-9a4c-4ebe-be0c-d96096c160bb', 999.7, 240.9, 20.0, 3.0);
INSERT INTO doors (id, x, y, width, height) 
            VALUES ('cba1d206-5873-4d02-aa9b-072f980aac51', 1055.4, 256.1, 3.0, 20.0);
INSERT INTO doors (id, x, y, width, height) 
            VALUES ('7caf0f41-87a8-4828-ad95-bec524912ec1', 843.9, 407.1, 3.0, 20.0);
INSERT INTO doors (id, x, y, width, height) 
            VALUES ('d64d3fd9-048c-4b32-bc10-a26407a17561', 963.3, 407.1, 3.0, 20.0);
INSERT INTO doors (id, x, y, width, height) 
            VALUES ('5bd9818b-90fe-40cb-b647-0e44595b1b0a', 963.3, 638.6, 3.0, 20.0);
INSERT INTO doors (id, x, y, width, height) 
            VALUES ('c803d76b-192e-4cfd-a771-78d683347d61', 418.8, 272.1, 20.0, 3.0);
INSERT INTO doors (id, x, y, width, height) 
            VALUES ('0d1cfccf-2f91-4c32-8cd4-efa493bc541a', 472.5, 272.1, 20.0, 3.0);
INSERT INTO doors (id, x, y, width, height) 
            VALUES ('59d87bb1-766d-44a6-a3b5-04af6de8e0ca', 573.1, 285.2, 20.0, 3.0);
INSERT INTO doors (id, x, y, width, height) 
            VALUES ('2fd14319-ee21-4b67-be53-4ddd25dbc45e', 712.1, 285.2, 20.0, 3.0);
INSERT INTO doors (id, x, y, width, height) 
            VALUES ('4157070b-e7f6-4401-897b-84087f28f4ef', 277.2, 1198.1, 20.0, 3.0);
INSERT INTO doors (id, x, y, width, height) 
            VALUES ('9c235123-f38b-4341-a013-a85df7cd30dd', 217.0, 1198.1, 20.0, 3.0);
INSERT INTO doors (id, x, y, width, height) 
            VALUES ('25965755-549e-4ccc-9273-f90126330e97', 372.2, 1073.0, 15.0, 3.0);
INSERT INTO doors (id, x, y, width, height) 
            VALUES ('ba68efb8-6446-423d-a155-3cf38caa3ecd', 559.9, 1051.1, 15.0, 3.0);
INSERT INTO doors (id, x, y, width, height) 
            VALUES ('71a3f5cc-f469-4431-a685-1f8a52d6a692', 1329.6, 1116.3, 20.0, 3.0);
INSERT INTO doors (id, x, y, width, height) 
            VALUES ('b59c8f3d-669c-4372-8597-6edbb7504e34', 1374.4, 1116.3, 20.0, 3.0);
INSERT INTO doors (id, x, y, width, height) 
            VALUES ('f0b70be6-19f9-4115-9b25-b8e0a928940e', 1135.7, 993.3, 15.0, 3.0);
INSERT INTO doors (id, x, y, width, height) 
            VALUES ('bcd43c9c-8866-4665-b3b8-36a9794c19ad', 1459.8, 993.3, 20.0, 3.0);
INSERT INTO doors (id, x, y, width, height) 
            VALUES ('737c152e-4220-4205-8511-f126daf5b312', 1547.8, 993.3, 20.0, 3.0);
INSERT INTO doors (id, x, y, width, height) 
            VALUES ('79478299-7374-4d7f-935b-5683b457f177', 1462.9, 866.1, 3.0, 20.0);
INSERT INTO doors (id, x, y, width, height) 
            VALUES ('194615e4-d945-4a26-bd98-8e271cdcd7bf', 1517.5, 866.1, 3.0, 20.0);
INSERT INTO doors (id, x, y, width, height) 
            VALUES ('3c19cd98-f208-483c-92af-ee5fcd592375', 1481.7, 901.5, 20.0, 3.0);
INSERT INTO doors (id, x, y, width, height) 
            VALUES ('bf3dfb73-5cf4-457b-ae3c-7609beac321f', 905.2, 1292.1, 3.0, 15.0);
INSERT INTO doors (id, x, y, width, height) 
            VALUES ('358b470c-47b8-4029-b97c-0e75033fd24b', 905.2, 1254.8, 3.0, 15.0);
INSERT INTO doors (id, x, y, width, height) 
            VALUES ('35803700-21b5-48a3-8578-053914a5648b', 915.2, 1051.0, 20.0, 3.0);
INSERT INTO doors (id, x, y, width, height) 
            VALUES ('200e9a17-22e0-451f-9c37-644542a4c7ee', 959.7, 1051.1, 15.0, 3.0);
INSERT INTO doors (id, x, y, width, height) 
            VALUES ('1f47656b-aa99-4f1f-a3ba-1a6708e1246c', 997.4, 1051.1, 15.0, 3.0);
INSERT INTO doors (id, x, y, width, height) 
            VALUES ('60178ffc-ecb0-4580-ae2f-c451167e784a', 808.2, 1314.5, 10.0, 3.0);
INSERT INTO doors (id, x, y, width, height) 
            VALUES ('0bb95304-8110-4fc5-abc6-ecf5daa810e1', 808.2, 1345.4, 10.0, 3.0);
INSERT INTO doors (id, x, y, width, height) 
            VALUES ('f1320cb3-3a64-448d-8e24-0424ea4fc9dd', 801.8, 1243.1, 3.0, 20.0);
INSERT INTO doors (id, x, y, width, height) 
            VALUES ('5966c550-3b91-41a3-b211-ea0acb35958b', 608.2, 1051.1, 20.0, 3.0);
INSERT INTO doors (id, x, y, width, height) 
            VALUES ('15548dce-3b11-418f-899f-6fa5561056b1', 689.0, 1367.5, 3.0, 20.0);
INSERT INTO doors (id, x, y, width, height) 
            VALUES ('6542c658-ae45-4ce0-b995-89b85a2acab0', 689.0, 1488.6, 3.0, 20.0);
INSERT INTO doors (id, x, y, width, height) 
            VALUES ('054a5c05-061f-4fdf-8491-55a9e4e3edf2', 720.7, 1465.5, 10.0, 3.0);
INSERT INTO doors (id, x, y, width, height) 
            VALUES ('c65d5ad5-98fd-4f45-bd64-65408e93f150', 753.8, 1465.6, 10.0, 3.0);
INSERT INTO doors (id, x, y, width, height) 
            VALUES ('836827aa-18af-4363-bd1d-2cdc1de5bac1', 801.7, 1478.6, 3.0, 20.0);
INSERT INTO doors (id, x, y, width, height) 
            VALUES ('271de3e0-195c-4d95-bc24-af42839569a4', 608.2, 1314.5, 20.0, 3.0);
INSERT INTO doors (id, x, y, width, height) 
            VALUES ('baacfe9b-7657-4227-a401-b61896c6f7d1', 1039.3, 993.3, 15.0, 3.0);
INSERT INTO doors (id, x, y, width, height) 
            VALUES ('a0029e15-ce19-489a-9507-e9207edd67cc', 952.3, 1026.9, 3.0, 15.0);
INSERT INTO doors (id, x, y, width, height) 
            VALUES ('100e5279-2b8b-4957-bdd0-38d3f05c044a', 195.0, 1166.6, 3.0, 20.0);
INSERT INTO doors (id, x, y, width, height) 
            VALUES ('97452c2a-b54e-431e-98d9-6f5874e5b42e', 888.3, 1314.5, 10.0, 3.0);
INSERT INTO doors (id, x, y, width, height) 
            VALUES ('767a854e-5ad3-4d3c-b5b3-09e11047e25d', 888.3, 1345.4, 10.0, 3.0);
INSERT INTO doors (id, x, y, width, height) 
            VALUES ('1ccccab0-9bac-49ff-899c-4d62b3986749', 207.4, 955.6, 20.0, 3.0);
INSERT INTO doors (id, x, y, width, height) 
            VALUES ('40ccaede-397e-497a-8813-efd2821fab86', 312.4, 999.5, 3.0, 20.0);
INSERT INTO doors (id, x, y, width, height) 
            VALUES ('dd6d3fa7-9c06-47cc-a220-c237a759d516', 1198.0, 890.6, 15.0, 3.0);
INSERT INTO doors (id, x, y, width, height) 
            VALUES ('2102ce65-c9f4-4315-963b-715585cac6f8', 1690.4, 1022.2, 3.0, 20.0);
INSERT INTO doors (id, x, y, width, height) 
            VALUES ('aff65c9e-51a9-41d0-8ac6-8050a906a7b0', 1690.4, 1081.2, 3.0, 20.0);
INSERT INTO doors (id, x, y, width, height) 
            VALUES ('3cdb4fcd-265a-41e4-9b30-b54f7a9625b7', 1690.4, 1164.7, 3.0, 20.0);
INSERT INTO doors (id, x, y, width, height) 
            VALUES ('654192d6-73b8-4d16-8b92-14acc17cd4b6', 1690.4, 1245.0, 3.0, 20.0);
INSERT INTO doors (id, x, y, width, height) 
            VALUES ('8b8744fc-3525-4d41-95f8-4921981b4eea', 1741.9, 1325.6, 3.0, 20.0);
INSERT INTO doors (id, x, y, width, height) 
            VALUES ('be2821b0-9deb-4ab0-945c-5099d846aef4', 1741.9, 1245.0, 3.0, 20.0);
INSERT INTO doors (id, x, y, width, height) 
            VALUES ('f8dc639a-4d99-4f19-a2ec-95cb282567d0', 1741.9, 1163.5, 3.0, 20.0);
INSERT INTO doors (id, x, y, width, height) 
            VALUES ('320f1980-62a9-4f7e-b776-0bb9ec811434', 1741.9, 1081.2, 3.0, 20.0);
INSERT INTO doors (id, x, y, width, height) 
            VALUES ('c891e6e6-c135-4e9c-a4e9-32775cd595fb', 1741.9, 1022.2, 3.0, 20.0);
INSERT INTO doors (id, x, y, width, height) 
            VALUES ('e185c798-30ae-4470-89da-0287ecf872e7', 1712.8, 81.0, 3.0, 20.0);
INSERT INTO doors (id, x, y, width, height) 
            VALUES ('9857e662-b31e-4945-987c-77f3be4acfa3', 1823.5, 263.5, 20.0, 3.0);
INSERT INTO doors (id, x, y, width, height) 
            VALUES ('3dcdd3fe-a045-419f-af57-17b385ca4477', 1587.7, 203.2, 3.0, 20.0);
INSERT INTO doors (id, x, y, width, height) 
            VALUES ('5fac4a91-266b-4966-a3db-32b9abbf3861', 1587.7, 291.8, 3.0, 20.0);
INSERT INTO doors (id, x, y, width, height) 
            VALUES ('c52d5ec6-3ed8-4dc5-96d4-e5f78752a84a', 1740.9, 428.6, 3.0, 20.0);
INSERT INTO doors (id, x, y, width, height) 
            VALUES ('db064dbd-29c0-49bd-b3ef-6c13df094d0d', 1740.9, 595.3, 3.0, 20.0);
INSERT INTO doors (id, x, y, width, height) 
            VALUES ('f17ecdf0-836e-485d-98b2-ad35a5d2ddd1', 1740.9, 656.1, 3.0, 20.0);
INSERT INTO doors (id, x, y, width, height) 
            VALUES ('7973634a-bb92-44bf-a44e-f495fbaee441', 1740.9, 786.0, 3.0, 20.0);
INSERT INTO doors (id, x, y, width, height) 
            VALUES ('e89fe356-a957-4af1-bf5a-216bac00d89b', 1740.9, 867.0, 3.0, 20.0);
INSERT INTO doors (id, x, y, width, height) 
            VALUES ('237c2079-d81c-4590-afce-f8b537c6fda8', 1691.5, 867.0, 3.0, 20.0);
INSERT INTO doors (id, x, y, width, height) 
            VALUES ('c722a4ca-f6eb-4fdd-8237-f834ed883249', 1691.5, 786.0, 3.0, 20.0);
INSERT INTO doors (id, x, y, width, height) 
            VALUES ('4bdea090-3524-4920-ba2a-1791dd20db6b', 1691.2, 704.2, 3.0, 20.0);
INSERT INTO doors (id, x, y, width, height) 
            VALUES ('5c9ac0d7-01b2-41a2-8d2a-0d309ac71261', 1691.5, 548.2, 3.0, 20.0);
INSERT INTO doors (id, x, y, width, height) 
            VALUES ('8430c692-0f64-48ef-b26d-dc488bf6b810', 1691.2, 495.6, 3.0, 20.0);
INSERT INTO doors (id, x, y, width, height) 
            VALUES ('779f4df1-7808-4b0e-835e-e10a159d963d', 1691.5, 378.3, 3.0, 20.0);
INSERT INTO doors (id, x, y, width, height) 
            VALUES ('a539f61a-c92e-487b-a694-bfb0dcea4a66', 217.4, 1197.7, 20.0, 3.0);
INSERT INTO doors (id, x, y, width, height) 
            VALUES ('af429833-221a-43c9-a00d-5cd109da0f2f', 272.8, 1197.7, 20.0, 3.0);
INSERT INTO doors (id, x, y, width, height) 
            VALUES ('47190043-0c75-4fe9-9561-007fd54a5b6a', 194.8, 1146.4, 3.0, 20.0);
INSERT INTO doors (id, x, y, width, height) 
            VALUES ('c7e6841f-b7cf-4b2d-a8cd-a9fe158011f7', 195.0, 1177.7, 3.0, 15.8);
INSERT INTO doors (id, x, y, width, height) 
            VALUES ('a3e57afb-5dba-4126-9da9-5cf538ce6471', 194.7, 853.7, 3.0, 20.0);
INSERT INTO doors (id, x, y, width, height) 
            VALUES ('a270c38b-c189-4f49-8d0a-b05e88f6d611', 194.8, 681.2, 3.0, 20.0);
INSERT INTO doors (id, x, y, width, height) 
            VALUES ('2e4f9abd-781f-4e0e-ae19-a9abc61dbc61', 249.2, 488.7, 3.0, 20.0);
INSERT INTO doors (id, x, y, width, height) 
            VALUES ('697f7fc5-e293-4db6-ba7d-d11b8d2024e6', 251.3, 611.2, 3.0, 20.0);
INSERT INTO doors (id, x, y, width, height) 
            VALUES ('1e4f43c8-02af-4c3e-b6b6-187b0726a193', 194.7, 249.9, 3.0, 20.0);
INSERT INTO doors (id, x, y, width, height) 
            VALUES ('ecf70dc8-5136-4614-b3e2-75f7cb6c31cc', 329.2, 239.2, 20.0, 3.0);
INSERT INTO doors (id, x, y, width, height) 
            VALUES ('f8ce0fbf-9937-48dd-a0f5-62cb9590370d', 384.9, 240.1, 20.0, 3.0);
INSERT INTO doors (id, x, y, width, height) 
            VALUES ('83caf83f-9414-4fcc-b42b-3807564562ab', 585.6, 239.3, 20.0, 3.0);
INSERT INTO doors (id, x, y, width, height) 
            VALUES ('7f310458-a823-424e-a92c-c3c7e7f5ab0d', 804.3, 239.3, 20.0, 3.0);
INSERT INTO doors (id, x, y, width, height) 
            VALUES ('0b71b286-c288-45c9-a54e-4585018f3e83', 984.2, 239.3, 20.0, 3.0);
INSERT INTO doors (id, x, y, width, height) 
            VALUES ('fd7a5e9c-5a60-43d7-9b95-05d2900c00b8', 1048.2, 239.3, 20.0, 3.0);
INSERT INTO doors (id, x, y, width, height) 
            VALUES ('b1f55ba6-ecc1-41ef-8bc3-e809fef8c6bd', 1098.4, 249.9, 3.0, 20.0);
INSERT INTO doors (id, x, y, width, height) 
            VALUES ('33eca7cd-e512-42d3-9f06-4423a9bbaca6', 667.9, 284.8, 20.0, 3.0);
INSERT INTO doors (id, x, y, width, height) 
            VALUES ('ef5f0428-9986-4b49-9590-b38125c032c8', 509.8, 310.3, 3.0, 20.0);
INSERT INTO doors (id, x, y, width, height) 
            VALUES ('43ed36b1-f10c-45f2-9519-ac0d73342b0e', 193.2, 515.0, 3.0, 20.0);
INSERT INTO doors (id, x, y, width, height) 
            VALUES ('b149a726-fea9-43f9-84e2-28a1ad3ad391', 194.7, 358.0, 3.0, 20.0);
INSERT INTO doors (id, x, y, width, height) 
            VALUES ('98a9d691-4345-4dc0-9a1d-a81eac8e49bf', 801.8, 1207.2, 3.0, 20.0);
INSERT INTO doors (id, x, y, width, height) 
            VALUES ('bfd26a06-e70e-4ceb-825e-977bd55e64c8', 753.6, 1413.4, 20.0, 3.0);
INSERT INTO doors (id, x, y, width, height) 
            VALUES ('a61d4092-daf4-4499-8149-a16a7bd058ad', 844.8, 1347.9, 20.0, 3.0);
INSERT INTO doors (id, x, y, width, height) 
            VALUES ('715bb553-0631-4aa1-805d-4e68f022c407', 801.8, 1443.0, 3.0, 20.0);
INSERT INTO doors (id, x, y, width, height) 
            VALUES ('16d18739-fc71-49cc-89f5-a410ed1d132a', 531.8, 239.2, 20.0, 3.0);
INSERT INTO doors (id, x, y, width, height) 
            VALUES ('67b61754-7dae-40ac-8c1c-ea1c20dc2bef', 1414.9, 245.2, 3.0, 20.0);
INSERT INTO doors (id, x, y, width, height) 
            VALUES ('2f86a8c4-25d4-4e9e-accc-2c1838ce408a', 1546.5, 276.4, 20.0, 3.0);
INSERT INTO doors (id, x, y, width, height) 
            VALUES ('fda692d4-2d03-481d-85af-260d99d5a04b', 1432.4, 229.0, 20.0, 3.0);
INSERT INTO doors (id, x, y, width, height) 
            VALUES ('a0be1970-e406-4f62-ba9b-9f614f998270', 1556.5, 229.0, 20.0, 3.0);
INSERT INTO doors (id, x, y, width, height) 
            VALUES ('63f090cc-e801-4bf0-86b0-2fcac94d1a59', 1691.4, 465.9, 3.0, 20.0);
INSERT INTO doors (id, x, y, width, height) 
            VALUES ('2d2144ba-be3b-41ad-ae46-815b1d6a082a', 1691.4, 625.3, 3.0, 20.0);
INSERT INTO doors (id, x, y, width, height) 
            VALUES ('1fef10aa-2234-47c7-99a9-f515ebca20f1', 1691.4, 695.9, 3.0, 20.0);
INSERT INTO doors (id, x, y, width, height) 
            VALUES ('2a78b97c-b862-44ac-815e-858d8c0da348', 1691.4, 897.8, 3.0, 20.0);
INSERT INTO doors (id, x, y, width, height) 
            VALUES ('31d0e272-b083-436b-b22e-defe22aa10e3', 1689.9, 948.5, 3.0, 20.0);
INSERT INTO doors (id, x, y, width, height) 
            VALUES ('f88d50fc-eb61-4843-b8bf-ccd697e9c436', 1691.4, 1000.5, 3.0, 20.0);
INSERT INTO doors (id, x, y, width, height) 
            VALUES ('cdb75779-50dc-493d-89e3-60f3cf4f4b9a', 1691.4, 1206.5, 3.0, 20.0);
INSERT INTO doors (id, x, y, width, height) 
            VALUES ('a54da2ad-4edd-4dc0-b68a-6632fa453a48', 1741.9, 1288.3, 3.0, 20.0);
INSERT INTO doors (id, x, y, width, height) 
            VALUES ('85b673a9-1193-4760-8f9a-b7304e48d4b1', 1741.9, 1239.7, 3.0, 20.0);
INSERT INTO doors (id, x, y, width, height) 
            VALUES ('65c68191-7824-4f73-939a-7d51c4a67c83', 1741.9, 1186.5, 3.0, 20.0);
INSERT INTO doors (id, x, y, width, height) 
            VALUES ('419d41b7-dd27-4577-a4d3-aa7ca8b28728', 1741.9, 1136.0, 3.0, 20.0);
INSERT INTO doors (id, x, y, width, height) 
            VALUES ('3c757bf4-10a4-40ac-af0e-1cc2c2c74096', 1741.9, 1055.1, 3.0, 20.0);
INSERT INTO doors (id, x, y, width, height) 
            VALUES ('d13f6b9c-c644-466a-a6b9-f2127e359981', 1741.9, 1089.5, 3.0, 20.0);
INSERT INTO doors (id, x, y, width, height) 
            VALUES ('926e9cf1-5ab4-4892-ae58-3a09c362a2d6', 1741.9, 1020.9, 3.0, 20.0);
INSERT INTO doors (id, x, y, width, height) 
            VALUES ('0a7ee355-e414-4aef-8f82-7523388abc0f', 1741.9, 867.7, 3.0, 20.0);
INSERT INTO doors (id, x, y, width, height) 
            VALUES ('4db8fd63-a659-4ed7-bbda-fe1880ed64fa', 1741.9, 818.0, 3.0, 20.0);
INSERT INTO doors (id, x, y, width, height) 
            VALUES ('f0faccb7-4b88-4f6b-aa3e-ec3f1639616a', 1740.9, 776.9, 3.0, 20.0);
INSERT INTO doors (id, x, y, width, height) 
            VALUES ('b07ed1b4-3f0a-4940-8334-e7d8df20b2f6', 1740.9, 600.8, 3.0, 20.0);
INSERT INTO doors (id, x, y, width, height) 
            VALUES ('fde7a9bd-7302-46c2-b2dc-809600aef11b', 1740.9, 551.8, 3.0, 20.0);
INSERT INTO doors (id, x, y, width, height) 
            VALUES ('c38f100c-f5c9-4346-9201-979f64a7983f', 1740.9, 507.4, 3.0, 20.0);
INSERT INTO doors (id, x, y, width, height) 
            VALUES ('610a98e5-4c0e-435e-a856-f58928d1fd8f', 1740.9, 380.1, 3.0, 20.0);
INSERT INTO doors (id, x, y, width, height) 
            VALUES ('2a905fc3-eac7-4111-89a0-70d9d6597c75', 1740.9, 331.1, 3.0, 20.0);
INSERT INTO doors (id, x, y, width, height) 
            VALUES ('8375bdb0-1a78-43e1-b824-cc1d376ef6be', 1740.9, 282.0, 3.0, 20.0);
INSERT INTO doors (id, x, y, width, height) 
            VALUES ('00514093-5e72-4a4b-bd9b-bc36876bae0f', 273.0, 1198.2, 20.0, 3.0);
INSERT INTO doors (id, x, y, width, height) 
            VALUES ('139d7773-9ff0-4b0d-a2af-a93e5a43f38e', 195.0, 1179.4, 3.0, 16.1);
INSERT INTO doors (id, x, y, width, height) 
            VALUES ('d1808e62-1572-4c56-a00a-d61456b4f46a', 195.0, 1124.3, 3.0, 20.0);
INSERT INTO doors (id, x, y, width, height) 
            VALUES ('45be7a71-5c34-4118-ab36-28cf4074d2a0', 194.9, 854.2, 3.0, 20.0);
INSERT INTO doors (id, x, y, width, height) 
            VALUES ('6c7ab8c9-67b3-4668-bf5c-27bd922c6437', 195.0, 681.7, 3.0, 20.0);
INSERT INTO doors (id, x, y, width, height) 
            VALUES ('7ff6d25e-0c06-49f4-af28-d03fbccac567', 251.5, 397.9, 3.0, 20.0);
INSERT INTO doors (id, x, y, width, height) 
            VALUES ('4944d5d5-5a41-4b89-9c1b-3bc26596e243', 251.5, 489.6, 3.0, 20.0);
INSERT INTO doors (id, x, y, width, height) 
            VALUES ('3e13da0d-a5cf-41b3-b8c5-f90f54b62fcd', 194.9, 250.4, 3.0, 20.0);
INSERT INTO doors (id, x, y, width, height) 
            VALUES ('91a3da5f-86c0-46db-90f4-d73adea5d549', 329.4, 239.7, 20.0, 3.0);
INSERT INTO doors (id, x, y, width, height) 
            VALUES ('e1dadca3-5d42-4340-816d-6ff78d5d81ca', 368.7, 239.8, 20.0, 3.0);
INSERT INTO doors (id, x, y, width, height) 
            VALUES ('5fdbbd33-19f6-471d-a8db-7046fc58725c', 585.8, 239.8, 20.0, 3.0);
INSERT INTO doors (id, x, y, width, height) 
            VALUES ('a1462446-e644-4910-bfba-651eca5156ec', 717.2, 239.8, 20.0, 3.0);
INSERT INTO doors (id, x, y, width, height) 
            VALUES ('cbbffb51-e847-4490-b4c0-080dc902d9dd', 804.5, 239.8, 20.0, 3.0);
INSERT INTO doors (id, x, y, width, height) 
            VALUES ('eadc520e-1354-49f5-a393-f3d52c571358', 984.4, 239.8, 20.0, 3.0);
INSERT INTO doors (id, x, y, width, height) 
            VALUES ('bb4ee239-69d1-439d-94cf-0f6679cd32b8', 1048.4, 239.8, 20.0, 3.0);
INSERT INTO doors (id, x, y, width, height) 
            VALUES ('9aff7e76-9a64-4e32-8756-cecdb8dee977', 1098.6, 264.0, 3.0, 20.0);
INSERT INTO doors (id, x, y, width, height) 
            VALUES ('013693d4-b659-4804-b242-630d9d858522', 668.1, 285.3, 20.0, 3.0);
INSERT INTO doors (id, x, y, width, height) 
            VALUES ('1ce26862-7560-4d42-a818-c175b0298489', 217.6, 1198.2, 20.0, 3.0);
INSERT INTO doors (id, x, y, width, height) 
            VALUES ('c81f3c54-6cab-471a-b0ea-56b581f3768e', 193.4, 515.5, 3.0, 20.0);
INSERT INTO doors (id, x, y, width, height) 
            VALUES ('4536152b-6073-4203-bf32-43034f1dbab2', 194.9, 358.5, 3.0, 20.0);
INSERT INTO doors (id, x, y, width, height) 
            VALUES ('76ff00aa-3b57-421e-8911-a0e43e7829ec', 585.8, 285.2, 20.0, 3.0);
INSERT INTO doors (id, x, y, width, height) 
            VALUES ('c79b532d-5e82-4fae-a4a3-a336745ea5b3', 251.5, 611.7, 3.0, 20.0);
INSERT INTO doors (id, x, y, width, height) 
            VALUES ('ec508e9e-bf5e-45d0-9d9b-a399aacdd2d7', 266.4, 937.9, 20.0, 3.0);
INSERT INTO doors (id, x, y, width, height) 
            VALUES ('a237e208-a461-4757-938d-335293d86eee', 219.1, 1198.2, 20.0, 3.0);
INSERT INTO doors (id, x, y, width, height) 
            VALUES ('e73823db-3104-4b6d-a1e9-7f7b4ad25e76', 274.5, 1198.2, 20.0, 3.0);
INSERT INTO doors (id, x, y, width, height) 
            VALUES ('538bfc56-094a-43b0-9f7d-50886d67cd82', 195.0, 1146.9, 3.0, 20.0);
INSERT INTO doors (id, x, y, width, height) 
            VALUES ('5987be62-0393-4dc8-92a6-6a320ba39955', 195.0, 1077.6, 3.0, 20.0);
INSERT INTO doors (id, x, y, width, height) 
            VALUES ('74d35fd4-8fcc-4463-9cfe-0cb367744a99', 194.9, 817.2, 3.0, 20.0);
INSERT INTO doors (id, x, y, width, height) 
            VALUES ('a0eaecda-771f-48a3-9534-c70b1840c68b', 194.9, 635.1, 3.0, 20.0);
INSERT INTO doors (id, x, y, width, height) 
            VALUES ('d07bc4eb-3abb-40a5-89f8-0c075e5b23ff', 194.9, 515.5, 3.0, 20.0);
INSERT INTO doors (id, x, y, width, height) 
            VALUES ('ca57ec6a-3d2e-4225-9bbf-574edaa4863f', 250.3, 474.4, 3.0, 20.0);
INSERT INTO doors (id, x, y, width, height) 
            VALUES ('2676dc09-6ff1-49c9-ab11-09f46a63e114', 250.3, 583.2, 3.0, 20.0);
INSERT INTO doors (id, x, y, width, height) 
            VALUES ('5bd4e4cd-f139-4b7b-82f2-7a6a686ab8d2', 250.3, 686.5, 3.0, 20.0);
INSERT INTO doors (id, x, y, width, height) 
            VALUES ('1e7ebb27-8b6b-4828-a55d-44f2df1b58ec', 250.3, 794.1, 3.0, 20.0);
INSERT INTO doors (id, x, y, width, height) 
            VALUES ('2cd08b8b-b649-4ed3-9037-a66e22dc5eb3', 250.3, 908.0, 3.0, 20.0);
INSERT INTO doors (id, x, y, width, height) 
            VALUES ('1ddd8576-4228-443d-99ee-2cfeaab1118c', 195.0, 309.3, 3.0, 20.0);
INSERT INTO doors (id, x, y, width, height) 
            VALUES ('bbc93f7d-61cb-463f-9ec4-45a8a41b4a6c', 320.4, 239.4, 20.0, 3.0);
INSERT INTO doors (id, x, y, width, height) 
            VALUES ('4fd43dec-d645-4fb6-90ef-4639875ab604', 461.6, 239.6, 20.0, 3.0);
INSERT INTO doors (id, x, y, width, height) 
            VALUES ('9015af43-fac8-4e6c-a77f-f3c6e77d92fe', 613.3, 239.6, 20.0, 3.0);
INSERT INTO doors (id, x, y, width, height) 
            VALUES ('c1dfdda3-cdce-4322-9474-5d418422dfc8', 751.9, 239.6, 20.0, 3.0);
INSERT INTO doors (id, x, y, width, height) 
            VALUES ('d0e60dcb-9887-4a24-b88f-a7700c6d39f1', 920.3, 239.6, 20.0, 3.0);
INSERT INTO doors (id, x, y, width, height) 
            VALUES ('8d444317-9005-4ab5-8051-7e3485846079', 1091.6, 239.6, 20.0, 3.0);
INSERT INTO doors (id, x, y, width, height) 
            VALUES ('8547f38b-2233-4267-a8d7-d2b8c349a527', 1261.1, 239.8, 20.0, 3.0);
INSERT INTO doors (id, x, y, width, height) 
            VALUES ('ac92d043-bd17-4ef8-86a1-0cd1c2bab23e', 1317.0, 171.0, 3.0, 20.0);
INSERT INTO doors (id, x, y, width, height) 
            VALUES ('99fa8c29-d6e2-480d-bb5b-81b68188d149', 1395.1, 251.2, 3.0, 20.0);
INSERT INTO doors (id, x, y, width, height) 
            VALUES ('176f1c8e-d4db-4c22-a61c-1ddbc841eb19', 1150.0, 279.0, 20.0, 3.0);
INSERT INTO doors (id, x, y, width, height) 
            VALUES ('74e478ef-fa5d-411d-a32b-c6d0b1f2333c', 1056.5, 279.0, 20.0, 3.0);
INSERT INTO doors (id, x, y, width, height) 
            VALUES ('5b9dd0cd-effe-40ba-9865-45e7bbd79fc9', 950.4, 303.5, 3.0, 20.0);
INSERT INTO doors (id, x, y, width, height) 
            VALUES ('adb86dfd-c338-44f5-8381-305512dd6237', 662.1, 285.3, 20.0, 3.0);
INSERT INTO doors (id, x, y, width, height) 
            VALUES ('338b4a72-1b57-403b-8080-a9e35091ae44', 573.4, 285.3, 20.0, 3.0);
INSERT INTO doors (id, x, y, width, height) 
            VALUES ('c2777c75-5a11-4527-9a9d-28907b5eac1f', 281.4, 285.3, 20.0, 3.0);

INSERT INTO object_doors (object_id, door_id) 
            VALUES ('8a84fedb-4db3-42f7-9499-d101749e6122', '1c3272ba-9123-4a2f-aaa4-68cc8a672516');
INSERT INTO object_doors (object_id, door_id) 
            VALUES ('537b8113-6afe-43e7-8691-04b93f05459e', '59ff95f4-deea-4ac4-a9cb-9e3567e8ae13');
INSERT INTO object_doors (object_id, door_id) 
            VALUES ('b0b2f8b1-3949-4c39-8fee-46c358421328', 'ba503418-905c-42e7-ab12-ba1d6945f28c');
INSERT INTO object_doors (object_id, door_id) 
            VALUES ('860e310d-e161-481a-b136-3a9944e4a8c7', '8e560060-73ac-40f3-b934-bcd4bbebd679');
INSERT INTO object_doors (object_id, door_id) 
            VALUES ('572f771f-3fe0-43e7-a1d6-fa4a6273f85a', '0dc023c9-8df9-41e1-8402-426b7bfb9211');
INSERT INTO object_doors (object_id, door_id) 
            VALUES ('f416e993-b7a6-4dba-ab0f-ccd88d9a56da', '171e55fd-5dbf-40f6-98a3-2d719e10f1cc');
INSERT INTO object_doors (object_id, door_id) 
            VALUES ('f416e993-b7a6-4dba-ab0f-ccd88d9a56da', 'a311d3a4-f0e4-4353-8b0b-734bc95459ab');
INSERT INTO object_doors (object_id, door_id) 
            VALUES ('2ee8097b-9486-4f1b-a4d7-9c9c75dc94e7', '1e50e5ae-fe77-4d11-9f1a-5e094fac5b4e');
INSERT INTO object_doors (object_id, door_id) 
            VALUES ('2ee8097b-9486-4f1b-a4d7-9c9c75dc94e7', '4329a61a-dbb2-4d52-b98c-a1f3d6829562');
INSERT INTO object_doors (object_id, door_id) 
            VALUES ('2ee8097b-9486-4f1b-a4d7-9c9c75dc94e7', 'a6d10dec-0efc-4c07-aeeb-25923a729ca1');
INSERT INTO object_doors (object_id, door_id) 
            VALUES ('d1eb2048-f020-4dcc-8744-0d51d1907177', '367a90f1-9a4c-4ebe-be0c-d96096c160bb');
INSERT INTO object_doors (object_id, door_id) 
            VALUES ('d5a05daa-11a5-4623-8c73-dfcc0f8a5eca', 'cba1d206-5873-4d02-aa9b-072f980aac51');
INSERT INTO object_doors (object_id, door_id) 
            VALUES ('1ed2ed7d-9643-4b7f-a982-f296c8cccffe', '7caf0f41-87a8-4828-ad95-bec524912ec1');
INSERT INTO object_doors (object_id, door_id) 
            VALUES ('130bac10-d6cb-45e0-a969-d754ec5e2a07', 'd64d3fd9-048c-4b32-bc10-a26407a17561');
INSERT INTO object_doors (object_id, door_id) 
            VALUES ('130bac10-d6cb-45e0-a969-d754ec5e2a07', '5bd9818b-90fe-40cb-b647-0e44595b1b0a');
INSERT INTO object_doors (object_id, door_id) 
            VALUES ('c3c6cd9a-7219-43f6-80ab-60403c33b0cc', 'c803d76b-192e-4cfd-a771-78d683347d61');
INSERT INTO object_doors (object_id, door_id) 
            VALUES ('b7eff446-4121-4f51-bf6e-de0e35411215', '0d1cfccf-2f91-4c32-8cd4-efa493bc541a');
INSERT INTO object_doors (object_id, door_id) 
            VALUES ('2ad9981e-1bfd-46fa-88bc-256552848d0b', '59d87bb1-766d-44a6-a3b5-04af6de8e0ca');
INSERT INTO object_doors (object_id, door_id) 
            VALUES ('7b1e26ca-dcd4-46d6-9b79-471a298cc1fc', '2fd14319-ee21-4b67-be53-4ddd25dbc45e');
INSERT INTO object_doors (object_id, door_id) 
            VALUES ('b1b87f98-d7d9-4485-b6db-14cb60eff14a', '4157070b-e7f6-4401-897b-84087f28f4ef');
INSERT INTO object_doors (object_id, door_id) 
            VALUES ('00db51d5-7e27-4402-997b-ad212b5dc33c', '9c235123-f38b-4341-a013-a85df7cd30dd');
INSERT INTO object_doors (object_id, door_id) 
            VALUES ('751ee5d0-451e-4352-86e7-bd624090b590', '25965755-549e-4ccc-9273-f90126330e97');
INSERT INTO object_doors (object_id, door_id) 
            VALUES ('6c18f982-1146-43f3-81de-8041f71d927f', 'ba68efb8-6446-423d-a155-3cf38caa3ecd');
INSERT INTO object_doors (object_id, door_id) 
            VALUES ('80f6376e-e5dc-4929-a845-c73826f02c5b', '71a3f5cc-f469-4431-a685-1f8a52d6a692');
INSERT INTO object_doors (object_id, door_id) 
            VALUES ('80f6376e-e5dc-4929-a845-c73826f02c5b', 'b59c8f3d-669c-4372-8597-6edbb7504e34');
INSERT INTO object_doors (object_id, door_id) 
            VALUES ('373accf4-88f6-4c37-8fe9-b68b9e1b117e', 'f0b70be6-19f9-4115-9b25-b8e0a928940e');
INSERT INTO object_doors (object_id, door_id) 
            VALUES ('aa8a14d1-079e-4d9e-84c7-97d078495bc2', 'bcd43c9c-8866-4665-b3b8-36a9794c19ad');
INSERT INTO object_doors (object_id, door_id) 
            VALUES ('d7a67917-b414-477e-8c39-5dcc8432a07a', '737c152e-4220-4205-8511-f126daf5b312');
INSERT INTO object_doors (object_id, door_id) 
            VALUES ('5737b816-971c-41c2-9f98-62c40c842577', '79478299-7374-4d7f-935b-5683b457f177');
INSERT INTO object_doors (object_id, door_id) 
            VALUES ('bcd762cd-66cd-40bc-b4be-bdb03258c1be', '194615e4-d945-4a26-bd98-8e271cdcd7bf');
INSERT INTO object_doors (object_id, door_id) 
            VALUES ('bcd762cd-66cd-40bc-b4be-bdb03258c1be', '3c19cd98-f208-483c-92af-ee5fcd592375');
INSERT INTO object_doors (object_id, door_id) 
            VALUES ('3e1b8dc8-caaa-4517-a71d-9904867b6981', 'bf3dfb73-5cf4-457b-ae3c-7609beac321f');
INSERT INTO object_doors (object_id, door_id) 
            VALUES ('3e1b8dc8-caaa-4517-a71d-9904867b6981', '358b470c-47b8-4029-b97c-0e75033fd24b');
INSERT INTO object_doors (object_id, door_id) 
            VALUES ('3e1b8dc8-caaa-4517-a71d-9904867b6981', '35803700-21b5-48a3-8578-053914a5648b');
INSERT INTO object_doors (object_id, door_id) 
            VALUES ('3e1b8dc8-caaa-4517-a71d-9904867b6981', '200e9a17-22e0-451f-9c37-644542a4c7ee');
INSERT INTO object_doors (object_id, door_id) 
            VALUES ('3e1b8dc8-caaa-4517-a71d-9904867b6981', '1f47656b-aa99-4f1f-a3ba-1a6708e1246c');
INSERT INTO object_doors (object_id, door_id) 
            VALUES ('611209f8-6cfa-4967-b4c4-19610c7f814f', '60178ffc-ecb0-4580-ae2f-c451167e784a');
INSERT INTO object_doors (object_id, door_id) 
            VALUES ('611209f8-6cfa-4967-b4c4-19610c7f814f', '0bb95304-8110-4fc5-abc6-ecf5daa810e1');
INSERT INTO object_doors (object_id, door_id) 
            VALUES ('611209f8-6cfa-4967-b4c4-19610c7f814f', 'f1320cb3-3a64-448d-8e24-0424ea4fc9dd');
INSERT INTO object_doors (object_id, door_id) 
            VALUES ('611209f8-6cfa-4967-b4c4-19610c7f814f', '5966c550-3b91-41a3-b211-ea0acb35958b');
INSERT INTO object_doors (object_id, door_id) 
            VALUES ('611209f8-6cfa-4967-b4c4-19610c7f814f', '15548dce-3b11-418f-899f-6fa5561056b1');
INSERT INTO object_doors (object_id, door_id) 
            VALUES ('611209f8-6cfa-4967-b4c4-19610c7f814f', '6542c658-ae45-4ce0-b995-89b85a2acab0');
INSERT INTO object_doors (object_id, door_id) 
            VALUES ('611209f8-6cfa-4967-b4c4-19610c7f814f', '054a5c05-061f-4fdf-8491-55a9e4e3edf2');
INSERT INTO object_doors (object_id, door_id) 
            VALUES ('611209f8-6cfa-4967-b4c4-19610c7f814f', 'c65d5ad5-98fd-4f45-bd64-65408e93f150');
INSERT INTO object_doors (object_id, door_id) 
            VALUES ('611209f8-6cfa-4967-b4c4-19610c7f814f', '836827aa-18af-4363-bd1d-2cdc1de5bac1');
INSERT INTO object_doors (object_id, door_id) 
            VALUES ('611209f8-6cfa-4967-b4c4-19610c7f814f', '271de3e0-195c-4d95-bc24-af42839569a4');
INSERT INTO object_doors (object_id, door_id) 
            VALUES ('c2681c90-edfb-4342-bc6c-a044146a34c9', 'baacfe9b-7657-4227-a401-b61896c6f7d1');
INSERT INTO object_doors (object_id, door_id) 
            VALUES ('0a4b5c59-befe-4ea6-a27b-66c2f2d2f7df', 'a0029e15-ce19-489a-9507-e9207edd67cc');
INSERT INTO object_doors (object_id, door_id) 
            VALUES ('fa8545b0-2907-4035-afa1-988b6c71426e', '100e5279-2b8b-4957-bdd0-38d3f05c044a');
INSERT INTO object_doors (object_id, door_id) 
            VALUES ('46dc7e77-ce9f-424a-9230-55829b03b55a', '97452c2a-b54e-431e-98d9-6f5874e5b42e');
INSERT INTO object_doors (object_id, door_id) 
            VALUES ('46dc7e77-ce9f-424a-9230-55829b03b55a', '767a854e-5ad3-4d3c-b5b3-09e11047e25d');
INSERT INTO object_doors (object_id, door_id) 
            VALUES ('18e31541-ebcc-4a00-8e56-97216556241b', '1ccccab0-9bac-49ff-899c-4d62b3986749');
INSERT INTO object_doors (object_id, door_id) 
            VALUES ('3bcbbfd7-efee-422a-99e5-dd9d0d900456', '40ccaede-397e-497a-8813-efd2821fab86');
INSERT INTO object_doors (object_id, door_id) 
            VALUES ('42495e8e-8cb1-4970-83fa-f961112d22ad', 'dd6d3fa7-9c06-47cc-a220-c237a759d516');
INSERT INTO object_doors (object_id, door_id) 
            VALUES ('c8f6c1d7-431b-41b4-93de-05653af9fc86', '2102ce65-c9f4-4315-963b-715585cac6f8');
INSERT INTO object_doors (object_id, door_id) 
            VALUES ('30a6505b-13b4-4dff-a36a-afed8e4d7aa8', 'aff65c9e-51a9-41d0-8ac6-8050a906a7b0');
INSERT INTO object_doors (object_id, door_id) 
            VALUES ('7c7671dc-b51e-4f48-8fb8-5ca8ee6a64cd', '3cdb4fcd-265a-41e4-9b30-b54f7a9625b7');
INSERT INTO object_doors (object_id, door_id) 
            VALUES ('b6780881-6ce7-4b0b-965a-617417d65255', '654192d6-73b8-4d16-8b92-14acc17cd4b6');
INSERT INTO object_doors (object_id, door_id) 
            VALUES ('193432c0-58d2-4a89-8f5e-d661b3422b48', '8b8744fc-3525-4d41-95f8-4921981b4eea');
INSERT INTO object_doors (object_id, door_id) 
            VALUES ('b210d616-0a81-4172-9fd8-6667c0be3af2', 'be2821b0-9deb-4ab0-945c-5099d846aef4');
INSERT INTO object_doors (object_id, door_id) 
            VALUES ('e4525fce-d773-4503-b4e7-fd806c6f8881', 'f8dc639a-4d99-4f19-a2ec-95cb282567d0');
INSERT INTO object_doors (object_id, door_id) 
            VALUES ('2f92e72d-c564-42e6-9b93-464c43999f09', '320f1980-62a9-4f7e-b776-0bb9ec811434');
INSERT INTO object_doors (object_id, door_id) 
            VALUES ('d1b97066-0bf4-45f3-8cac-6b04ab32fe9f', 'c891e6e6-c135-4e9c-a4e9-32775cd595fb');
INSERT INTO object_doors (object_id, door_id) 
            VALUES ('c922c3f6-1f50-4077-a804-ea5e24654915', 'e185c798-30ae-4470-89da-0287ecf872e7');
INSERT INTO object_doors (object_id, door_id) 
            VALUES ('c922c3f6-1f50-4077-a804-ea5e24654915', '9857e662-b31e-4945-987c-77f3be4acfa3');
INSERT INTO object_doors (object_id, door_id) 
            VALUES ('c4ccba72-b3c3-494c-8020-ddd46ee0f124', '3dcdd3fe-a045-419f-af57-17b385ca4477');
INSERT INTO object_doors (object_id, door_id) 
            VALUES ('3afeac96-86d3-458b-a7f7-1c36e80051de', '5fac4a91-266b-4966-a3db-32b9abbf3861');
INSERT INTO object_doors (object_id, door_id) 
            VALUES ('c8837b65-119d-411b-8675-24ac65c6b301', 'c52d5ec6-3ed8-4dc5-96d4-e5f78752a84a');
INSERT INTO object_doors (object_id, door_id) 
            VALUES ('7d2eea54-500b-4a54-96c8-49c509d07d79', 'db064dbd-29c0-49bd-b3ef-6c13df094d0d');
INSERT INTO object_doors (object_id, door_id) 
            VALUES ('88ff0dba-b0af-485b-8256-785d8f64d297', 'f17ecdf0-836e-485d-98b2-ad35a5d2ddd1');
INSERT INTO object_doors (object_id, door_id) 
            VALUES ('b8432a1a-87b7-4927-949b-cb28d48037c6', '7973634a-bb92-44bf-a44e-f495fbaee441');
INSERT INTO object_doors (object_id, door_id) 
            VALUES ('752ded91-08af-4037-856f-1c2c693aac20', 'e89fe356-a957-4af1-bf5a-216bac00d89b');
INSERT INTO object_doors (object_id, door_id) 
            VALUES ('abff3600-16bc-46c1-b7df-95e214194783', '237c2079-d81c-4590-afce-f8b537c6fda8');
INSERT INTO object_doors (object_id, door_id) 
            VALUES ('95c8f7df-20b9-44c7-b36a-2f4e91adf285', 'c722a4ca-f6eb-4fdd-8237-f834ed883249');
INSERT INTO object_doors (object_id, door_id) 
            VALUES ('35f89505-d042-476a-abc4-b9fb092ac85c', '4bdea090-3524-4920-ba2a-1791dd20db6b');
INSERT INTO object_doors (object_id, door_id) 
            VALUES ('1e4f1070-4628-475e-8ec5-fdb86a4650d6', '5c9ac0d7-01b2-41a2-8d2a-0d309ac71261');
INSERT INTO object_doors (object_id, door_id) 
            VALUES ('d2522c8e-530d-4b46-973b-9b09f7c92c65', '8430c692-0f64-48ef-b26d-dc488bf6b810');
INSERT INTO object_doors (object_id, door_id) 
            VALUES ('81b650e4-0539-42cd-a53d-c20ed199f323', '779f4df1-7808-4b0e-835e-e10a159d963d');
INSERT INTO object_doors (object_id, door_id) 
            VALUES ('003e6895-4e46-4287-a2f4-8189189c70f9', 'a539f61a-c92e-487b-a694-bfb0dcea4a66');
INSERT INTO object_doors (object_id, door_id) 
            VALUES ('eb897dab-eecb-4607-be63-5ced59564aed', 'af429833-221a-43c9-a00d-5cd109da0f2f');
INSERT INTO object_doors (object_id, door_id) 
            VALUES ('01e8f38a-1d86-48c3-be41-82f34990e064', '47190043-0c75-4fe9-9561-007fd54a5b6a');
INSERT INTO object_doors (object_id, door_id) 
            VALUES ('01e8f38a-1d86-48c3-be41-82f34990e064', 'c7e6841f-b7cf-4b2d-a8cd-a9fe158011f7');
INSERT INTO object_doors (object_id, door_id) 
            VALUES ('3565e043-95cd-4896-95d2-ec7f8ceb861f', 'a3e57afb-5dba-4126-9da9-5cf538ce6471');
INSERT INTO object_doors (object_id, door_id) 
            VALUES ('37eea831-37da-4908-800d-121967188e73', 'a270c38b-c189-4f49-8d0a-b05e88f6d611');
INSERT INTO object_doors (object_id, door_id) 
            VALUES ('230ceb36-5c8d-4ff7-97ca-2bef4a3fb967', '2e4f9abd-781f-4e0e-ae19-a9abc61dbc61');
INSERT INTO object_doors (object_id, door_id) 
            VALUES ('3346f54c-0fff-4fce-871f-5536dbbf64fb', '697f7fc5-e293-4db6-ba7d-d11b8d2024e6');
INSERT INTO object_doors (object_id, door_id) 
            VALUES ('0e386bcd-e3e3-4338-8bfc-d5c2d8d3af44', '1e4f43c8-02af-4c3e-b6b6-187b0726a193');
INSERT INTO object_doors (object_id, door_id) 
            VALUES ('3a7986ce-e128-45b9-9d79-65ab98ce83bf', 'ecf70dc8-5136-4614-b3e2-75f7cb6c31cc');
INSERT INTO object_doors (object_id, door_id) 
            VALUES ('f771be96-8ee0-4813-ba6c-05036fa4cc41', 'f8ce0fbf-9937-48dd-a0f5-62cb9590370d');
INSERT INTO object_doors (object_id, door_id) 
            VALUES ('00ffabc9-33f6-4c23-8152-9e52f045a93c', '83caf83f-9414-4fcc-b42b-3807564562ab');
INSERT INTO object_doors (object_id, door_id) 
            VALUES ('bbaa1b18-5bfe-4112-bfdc-a8d5fe5642e1', '7f310458-a823-424e-a92c-c3c7e7f5ab0d');
INSERT INTO object_doors (object_id, door_id) 
            VALUES ('9453731c-3868-4ae8-baf2-708f555c86fc', '0b71b286-c288-45c9-a54e-4585018f3e83');
INSERT INTO object_doors (object_id, door_id) 
            VALUES ('b3094255-5a01-4b13-ab69-a761e93ea9f7', 'fd7a5e9c-5a60-43d7-9b95-05d2900c00b8');
INSERT INTO object_doors (object_id, door_id) 
            VALUES ('a0b367f1-f0fa-43cb-8975-32fb2fa4a0ff', 'b1f55ba6-ecc1-41ef-8bc3-e809fef8c6bd');
INSERT INTO object_doors (object_id, door_id) 
            VALUES ('3d1f996e-1240-4376-a4cd-6add7319051f', '33eca7cd-e512-42d3-9f06-4423a9bbaca6');
INSERT INTO object_doors (object_id, door_id) 
            VALUES ('6825cdb4-fa0e-47e6-a21c-51b396ff86c6', 'ef5f0428-9986-4b49-9590-b38125c032c8');
INSERT INTO object_doors (object_id, door_id) 
            VALUES ('6ab911c0-08bc-42de-b59e-d58ec081b43f', '43ed36b1-f10c-45f2-9519-ac0d73342b0e');
INSERT INTO object_doors (object_id, door_id) 
            VALUES ('f1b2e48f-c177-45db-9ad5-5dd4682fca68', 'b149a726-fea9-43f9-84e2-28a1ad3ad391');
INSERT INTO object_doors (object_id, door_id) 
            VALUES ('944e696c-068d-406f-b8dd-492d8456b99b', '98a9d691-4345-4dc0-9a1d-a81eac8e49bf');
INSERT INTO object_doors (object_id, door_id) 
            VALUES ('944e696c-068d-406f-b8dd-492d8456b99b', 'bfd26a06-e70e-4ceb-825e-977bd55e64c8');
INSERT INTO object_doors (object_id, door_id) 
            VALUES ('bccdff2d-2f0f-473b-9f1e-01f35e33e1a3', 'a61d4092-daf4-4499-8149-a16a7bd058ad');
INSERT INTO object_doors (object_id, door_id) 
            VALUES ('bccdff2d-2f0f-473b-9f1e-01f35e33e1a3', '715bb553-0631-4aa1-805d-4e68f022c407');
INSERT INTO object_doors (object_id, door_id) 
            VALUES ('4f08dd5b-340d-40fd-aac8-b025961fbc58', '16d18739-fc71-49cc-89f5-a410ed1d132a');
INSERT INTO object_doors (object_id, door_id) 
            VALUES ('c8c4d99b-1f8a-4655-bfd4-18d2d929f045', '67b61754-7dae-40ac-8c1c-ea1c20dc2bef');
INSERT INTO object_doors (object_id, door_id) 
            VALUES ('8ec1d190-8fd1-49c0-a66e-f13a935bfbc4', '2f86a8c4-25d4-4e9e-accc-2c1838ce408a');
INSERT INTO object_doors (object_id, door_id) 
            VALUES ('ab84d0e5-16cb-422f-b738-00eaaba9d1d3', 'fda692d4-2d03-481d-85af-260d99d5a04b');
INSERT INTO object_doors (object_id, door_id) 
            VALUES ('dfdb7d50-0e17-4882-86c6-e88ace86acac', 'a0be1970-e406-4f62-ba9b-9f614f998270');
INSERT INTO object_doors (object_id, door_id) 
            VALUES ('76b4f456-5388-41df-b793-638f0e0f07b3', '63f090cc-e801-4bf0-86b0-2fcac94d1a59');
INSERT INTO object_doors (object_id, door_id) 
            VALUES ('b7ae389d-5ed4-4cff-b5e9-2b9b60652a07', '2d2144ba-be3b-41ad-ae46-815b1d6a082a');
INSERT INTO object_doors (object_id, door_id) 
            VALUES ('b0d6dbc5-cf58-4410-93ea-4d31fd8dbb9a', '1fef10aa-2234-47c7-99a9-f515ebca20f1');
INSERT INTO object_doors (object_id, door_id) 
            VALUES ('a15ee12e-15b5-4626-800a-b303f21aa310', '2a78b97c-b862-44ac-815e-858d8c0da348');
INSERT INTO object_doors (object_id, door_id) 
            VALUES ('9f567095-07c5-4cfc-818b-0fe4900bd414', '31d0e272-b083-436b-b22e-defe22aa10e3');
INSERT INTO object_doors (object_id, door_id) 
            VALUES ('35830df4-5970-4259-ac71-14f4ddabf08f', 'f88d50fc-eb61-4843-b8bf-ccd697e9c436');
INSERT INTO object_doors (object_id, door_id) 
            VALUES ('18312428-9cb4-4a2a-930a-0587d5798218', 'cdb75779-50dc-493d-89e3-60f3cf4f4b9a');
INSERT INTO object_doors (object_id, door_id) 
            VALUES ('496f1efd-3cc4-426b-aa22-ad53c07a95b8', 'a54da2ad-4edd-4dc0-b68a-6632fa453a48');
INSERT INTO object_doors (object_id, door_id) 
            VALUES ('45c957e4-930a-43cd-8bde-09c40de1d9c1', '85b673a9-1193-4760-8f9a-b7304e48d4b1');
INSERT INTO object_doors (object_id, door_id) 
            VALUES ('d5004b09-d481-4c1b-894f-20098b21f676', '65c68191-7824-4f73-939a-7d51c4a67c83');
INSERT INTO object_doors (object_id, door_id) 
            VALUES ('f1bd68d5-e931-457e-9ce2-2598e24c71d9', '419d41b7-dd27-4577-a4d3-aa7ca8b28728');
INSERT INTO object_doors (object_id, door_id) 
            VALUES ('ba2b1d46-47e3-42e1-9575-7a95f5c9d311', '3c757bf4-10a4-40ac-af0e-1cc2c2c74096');
INSERT INTO object_doors (object_id, door_id) 
            VALUES ('ba2b1d46-47e3-42e1-9575-7a95f5c9d311', 'd13f6b9c-c644-466a-a6b9-f2127e359981');
INSERT INTO object_doors (object_id, door_id) 
            VALUES ('3fd33cd0-ee4a-4d68-9360-774608aa05bf', '926e9cf1-5ab4-4892-ae58-3a09c362a2d6');
INSERT INTO object_doors (object_id, door_id) 
            VALUES ('59a84270-a57e-4bf2-8dbb-088a11f5c26f', '0a7ee355-e414-4aef-8f82-7523388abc0f');
INSERT INTO object_doors (object_id, door_id) 
            VALUES ('1736c001-ad44-45ab-9ee4-85554e81496a', '4db8fd63-a659-4ed7-bbda-fe1880ed64fa');
INSERT INTO object_doors (object_id, door_id) 
            VALUES ('f55ac9d8-c6b6-492f-82c9-c0c111616f99', 'f0faccb7-4b88-4f6b-aa3e-ec3f1639616a');
INSERT INTO object_doors (object_id, door_id) 
            VALUES ('bc75b923-c87a-4ac6-ba44-16373396b0fc', 'b07ed1b4-3f0a-4940-8334-e7d8df20b2f6');
INSERT INTO object_doors (object_id, door_id) 
            VALUES ('e465403f-ef4b-4620-9743-157c79eec965', 'fde7a9bd-7302-46c2-b2dc-809600aef11b');
INSERT INTO object_doors (object_id, door_id) 
            VALUES ('8295981d-43c7-43b7-b34a-4447595cfd87', 'c38f100c-f5c9-4346-9201-979f64a7983f');
INSERT INTO object_doors (object_id, door_id) 
            VALUES ('865c0d06-bdc1-4b28-bcde-fdea713e12e9', '610a98e5-4c0e-435e-a856-f58928d1fd8f');
INSERT INTO object_doors (object_id, door_id) 
            VALUES ('e34fb22e-ec66-4baf-be86-e6166491a7e4', '2a905fc3-eac7-4111-89a0-70d9d6597c75');
INSERT INTO object_doors (object_id, door_id) 
            VALUES ('81442997-2bff-4e01-9929-269efebb634a', '8375bdb0-1a78-43e1-b824-cc1d376ef6be');
INSERT INTO object_doors (object_id, door_id) 
            VALUES ('feda0951-ed76-471f-b229-cada365978df', '00514093-5e72-4a4b-bd9b-bc36876bae0f');
INSERT INTO object_doors (object_id, door_id) 
            VALUES ('bf6d64e4-440e-4f3e-ad98-445b9685ace9', '139d7773-9ff0-4b0d-a2af-a93e5a43f38e');
INSERT INTO object_doors (object_id, door_id) 
            VALUES ('a415f1f9-81c2-453e-9f6b-c0ff148af7f8', 'd1808e62-1572-4c56-a00a-d61456b4f46a');
INSERT INTO object_doors (object_id, door_id) 
            VALUES ('b74d0a77-e358-4119-ab2a-7404d4982d69', '45be7a71-5c34-4118-ab36-28cf4074d2a0');
INSERT INTO object_doors (object_id, door_id) 
            VALUES ('331d445f-f251-4733-8183-1d7832a299b0', '6c7ab8c9-67b3-4668-bf5c-27bd922c6437');
INSERT INTO object_doors (object_id, door_id) 
            VALUES ('a97fb1cf-206a-46fc-b0c1-8b996059099e', '7ff6d25e-0c06-49f4-af28-d03fbccac567');
INSERT INTO object_doors (object_id, door_id) 
            VALUES ('19fff5bd-d12a-4acd-ba50-66ac55d09f63', '4944d5d5-5a41-4b89-9c1b-3bc26596e243');
INSERT INTO object_doors (object_id, door_id) 
            VALUES ('2be50996-d6c6-4792-97dc-55ae017e5e5e', '3e13da0d-a5cf-41b3-b8c5-f90f54b62fcd');
INSERT INTO object_doors (object_id, door_id) 
            VALUES ('2cb6ec7e-2881-41e4-8785-b2cb8ff74421', '91a3da5f-86c0-46db-90f4-d73adea5d549');
INSERT INTO object_doors (object_id, door_id) 
            VALUES ('45c60db8-8d00-42e7-8bf0-eeeb25c3d108', 'e1dadca3-5d42-4340-816d-6ff78d5d81ca');
INSERT INTO object_doors (object_id, door_id) 
            VALUES ('bcde559f-209c-42e2-99af-9a0a48c16cdd', '5fdbbd33-19f6-471d-a8db-7046fc58725c');
INSERT INTO object_doors (object_id, door_id) 
            VALUES ('8af45448-5a75-48a3-a2cb-e2c20c3577a1', 'a1462446-e644-4910-bfba-651eca5156ec');
INSERT INTO object_doors (object_id, door_id) 
            VALUES ('56953f92-6943-4cb5-904b-f7f93a7b98ed', 'cbbffb51-e847-4490-b4c0-080dc902d9dd');
INSERT INTO object_doors (object_id, door_id) 
            VALUES ('e0fba12b-5138-4db0-95b1-d198310f90bc', 'eadc520e-1354-49f5-a393-f3d52c571358');
INSERT INTO object_doors (object_id, door_id) 
            VALUES ('a7140a23-9370-483e-8de2-4640213500d8', 'bb4ee239-69d1-439d-94cf-0f6679cd32b8');
INSERT INTO object_doors (object_id, door_id) 
            VALUES ('fab01180-914d-482e-a6d6-67ee7a4af9a0', '9aff7e76-9a64-4e32-8756-cecdb8dee977');
INSERT INTO object_doors (object_id, door_id) 
            VALUES ('d9db0adb-aca8-4069-8949-4480e5a8a1c3', '013693d4-b659-4804-b242-630d9d858522');
INSERT INTO object_doors (object_id, door_id) 
            VALUES ('05c669f8-90fc-4a60-ae69-bd4bb39e4d63', '1ce26862-7560-4d42-a818-c175b0298489');
INSERT INTO object_doors (object_id, door_id) 
            VALUES ('e164ee07-fd97-42ca-9515-9ef4853c561f', 'c81f3c54-6cab-471a-b0ea-56b581f3768e');
INSERT INTO object_doors (object_id, door_id) 
            VALUES ('69dbc562-0238-4008-b736-50f10d66a94a', '4536152b-6073-4203-bf32-43034f1dbab2');
INSERT INTO object_doors (object_id, door_id) 
            VALUES ('b4240d3e-57f9-4154-ab43-dbeb03db6324', '76ff00aa-3b57-421e-8911-a0e43e7829ec');
INSERT INTO object_doors (object_id, door_id) 
            VALUES ('3f3f1580-a952-4e0c-b40e-d47cf2086d3d', 'c79b532d-5e82-4fae-a4a3-a336745ea5b3');
INSERT INTO object_doors (object_id, door_id) 
            VALUES ('ee25dbef-5e89-4d02-9061-4d9749ae41d6', 'ec508e9e-bf5e-45d0-9d9b-a399aacdd2d7');
INSERT INTO object_doors (object_id, door_id) 
            VALUES ('44ca1b70-a4f9-4b11-bc93-adc45f81f8da', 'a237e208-a461-4757-938d-335293d86eee');
INSERT INTO object_doors (object_id, door_id) 
            VALUES ('e697dcb4-c741-4801-a7a9-f07b3807f91a', 'e73823db-3104-4b6d-a1e9-7f7b4ad25e76');
INSERT INTO object_doors (object_id, door_id) 
            VALUES ('678227ad-ce22-4276-9ea5-294c566d3d53', '538bfc56-094a-43b0-9f7d-50886d67cd82');
INSERT INTO object_doors (object_id, door_id) 
            VALUES ('b40e34f0-6fbb-4448-b1f4-02e6f1a83496', '5987be62-0393-4dc8-92a6-6a320ba39955');
INSERT INTO object_doors (object_id, door_id) 
            VALUES ('5bf241ae-e169-4044-80cd-5fb7549796aa', '74d35fd4-8fcc-4463-9cfe-0cb367744a99');
INSERT INTO object_doors (object_id, door_id) 
            VALUES ('5bf241ae-e169-4044-80cd-5fb7549796aa', 'a0eaecda-771f-48a3-9534-c70b1840c68b');
INSERT INTO object_doors (object_id, door_id) 
            VALUES ('dd64a681-faac-459a-9732-25ceb8ccd0df', 'd07bc4eb-3abb-40a5-89f8-0c075e5b23ff');
INSERT INTO object_doors (object_id, door_id) 
            VALUES ('8911f6ff-27b1-488d-bdaa-edb3494491aa', 'ca57ec6a-3d2e-4225-9bbf-574edaa4863f');
INSERT INTO object_doors (object_id, door_id) 
            VALUES ('96b81890-490f-4e8a-a1f5-84783fa2492b', '2676dc09-6ff1-49c9-ab11-09f46a63e114');
INSERT INTO object_doors (object_id, door_id) 
            VALUES ('62ab0992-2c1a-4d0a-9cc7-9182ac3f8a91', '5bd4e4cd-f139-4b7b-82f2-7a6a686ab8d2');
INSERT INTO object_doors (object_id, door_id) 
            VALUES ('b38663be-2511-481d-9301-34adf3d43c77', '1e7ebb27-8b6b-4828-a55d-44f2df1b58ec');
INSERT INTO object_doors (object_id, door_id) 
            VALUES ('aa206edb-524e-45d9-843f-1ed6307532a6', '2cd08b8b-b649-4ed3-9037-a66e22dc5eb3');
INSERT INTO object_doors (object_id, door_id) 
            VALUES ('f2be53c8-f8a1-4637-aa55-c1547ddda750', '1ddd8576-4228-443d-99ee-2cfeaab1118c');
INSERT INTO object_doors (object_id, door_id) 
            VALUES ('69e24415-92b3-40b7-a4cb-a38648fc5f7b', 'bbc93f7d-61cb-463f-9ec4-45a8a41b4a6c');
INSERT INTO object_doors (object_id, door_id) 
            VALUES ('c1e89a1c-67c5-41b3-927c-b9d54e3dd5c7', '4fd43dec-d645-4fb6-90ef-4639875ab604');
INSERT INTO object_doors (object_id, door_id) 
            VALUES ('f83893d9-c84a-4975-9cc8-72cd5bd9c1a1', '9015af43-fac8-4e6c-a77f-f3c6e77d92fe');
INSERT INTO object_doors (object_id, door_id) 
            VALUES ('38103e0a-0dfd-4cb4-89dd-a2a217b8dfb8', 'c1dfdda3-cdce-4322-9474-5d418422dfc8');
INSERT INTO object_doors (object_id, door_id) 
            VALUES ('c57d6e13-1e8e-40a2-9bb1-5ef6724c12d1', 'd0e60dcb-9887-4a24-b88f-a7700c6d39f1');
INSERT INTO object_doors (object_id, door_id) 
            VALUES ('d6144db6-ff39-47a1-bdda-0c0f6b2ffc7b', '8d444317-9005-4ab5-8051-7e3485846079');
INSERT INTO object_doors (object_id, door_id) 
            VALUES ('56cf2667-daed-4a6d-92bd-8621c12fd23e', '8547f38b-2233-4267-a8d7-d2b8c349a527');
INSERT INTO object_doors (object_id, door_id) 
            VALUES ('56cf2667-daed-4a6d-92bd-8621c12fd23e', 'ac92d043-bd17-4ef8-86a1-0cd1c2bab23e');
INSERT INTO object_doors (object_id, door_id) 
            VALUES ('238d1f22-fb91-446b-908f-aeb49b73aeee', '99fa8c29-d6e2-480d-bb5b-81b68188d149');
INSERT INTO object_doors (object_id, door_id) 
            VALUES ('12029a58-fefd-49f8-ad9a-c12fef901843', '176f1c8e-d4db-4c22-a61c-1ddbc841eb19');
INSERT INTO object_doors (object_id, door_id) 
            VALUES ('48422355-f21d-4c43-854f-5aa3d2e181d4', '74e478ef-fa5d-411d-a32b-c6d0b1f2333c');
INSERT INTO object_doors (object_id, door_id) 
            VALUES ('84de9723-8400-4d20-a27c-7732cee3ae75', '5b9dd0cd-effe-40ba-9865-45e7bbd79fc9');
INSERT INTO object_doors (object_id, door_id) 
            VALUES ('09f65d5a-66a1-41e9-9e47-3b67eb76b1e0', 'adb86dfd-c338-44f5-8381-305512dd6237');
INSERT INTO object_doors (object_id, door_id) 
            VALUES ('6a827ec9-8ee1-41b7-aef6-e2cd0bf0c004', '338b4a72-1b57-403b-8080-a9e35091ae44');
INSERT INTO object_doors (object_id, door_id) 
            VALUES ('c6a1fe59-b400-4226-b336-527396c3a383', 'c2777c75-5a11-4527-9a9d-28907b5eac1f');


---- create above / drop below ----